fr,de,ru,en,zh,es,ja,ko,et,fi,nl,hi,word_original,it,hi_translit,ml_translit,ta_translit,te_translit,gu_translit,ml,ta,te,gu
"['livre', 'publication', 'édition']","['Buch', 'Edition', 'Veröffentlichung', 'Verlagswesen', 'Publikation']","['книга', 'изда́ние', 'издательское дело', 'публика́ция']","['book', 'publishing', 'publication']","['书', '書', '书籍', '書籍', '圖書', '图书', '出版', '出版物', '刊物']","['libro', 'edición de libros', 'publicación', 'edición', 'editorial']","['本', '出版', '刊行物', '出版物']","['책', '출판', '간행물', '출판물']","['raamat', 'Kirjastamine', 'kirjastamine']","['kirja', 'julkaisu', 'Kustannustoimi', 'julkaisutoiminta', 'kustannustoimi', 'kustannustoiminta', 'kustantaminen']","['boek', 'boeken', 'album', 'boekwerk', 'boekje', 'uitgeven', 'uitgeverij', 'uitgeversbedrijf']","['किताब', 'पुस्तक', 'प्रकाशन', 'प्रकटन']",book,"['libro', 'editoria', 'periodico', 'rivista', 'pubblicazione', 'edizione']","['kitab', 'pustak', 'granth', 'sastra', 'pothi']","['pustakam', 'grantham', 'saahityam']","['sahithiyam', 'porul', 'kitab', 'pustakam', 'padam']","['pustakam', 'grantham', 'sastramu', 'pustaka']","['kitab', 'pustak', 'granth', 'sastra', 'lekhan']","['पुസ്തകം', 'കൃതി', 'ഗ്രന്ഥം', 'പുസ്തകം']","['நூல்', 'புத்தகம்', 'கையேடு', 'நூலகம்', 'பத்திரிகை']","['పుస్తకం', 'గ్రంథం', 'పుస్తకము', 'సాహిత్యం', 'చిత్రకళ']","['पुસ્તક', 'Granth', 'સાહિત્ય', 'પુસ્તક', 'લેખ']"
['nuage'],"['Wolke', 'Gewölk']","['облако', 'облака', 'о́блако', 'ту́ча']",['cloud'],"['云', '雲']","['nube', 'nubes']",['雲'],['구름'],"['pilv', 'Pilv']",['pilvi'],['wolk'],"['अभ्र', 'बादल', 'मेघ']",cloud,"['nube', 'nuvola', 'nembo']","['megha', 'badal', 'nimb']","['megham', 'meghangal', 'vayu', 'nivi', 'akashghatam']",['meγam'],"['megha', 'nimbham', 'meghalu', 'akash ghanam', 'vayu ghanam']","['megha', 'badal', 'dhuandhar', 'nirav', 'varsha']","['മേഘം', 'മേഘം', 'പുരി', 'കുമിള']","['மெழுகு', 'மேகம்', 'வானம்']",['เมฆం'],"['મેઘ', 'વરદા', 'આકાશ', 'વર્ષા', 'દેહ']"
"['sac', 'sac plastique', 'sac de caisse', 'sac en papier']","['Sack', 'Tasche', 'Beutel', 'Tüte', 'Tragetasche', 'Plastiktüte', 'Papiersack', 'Tragetüte']","['сумка', 'паке́т', 'кулёк', 'Бумажный пакет', 'су́мка', 'куль', 'бумажный пакет', 'пластиковый пакет', 'мешо́к']","['sack', 'bag', 'paper bag', 'carrier bag', 'poke', 'plastic shopping bag']","['包', '袋', '張泰開', '袋子', '囊', '购物袋', '纸袋', '塑料袋', '購物袋']","['bolso', 'bolsa', 'bolsa de papel', 'costal', 'saco', 'bolsa plástica de compra']","['袋', '鞄', 'レジ袋', 'ビニール袋', 'キャリアバッグ', 'サック', '紙袋']","['가방', '비닐봉투', '자루', '쇼핑 백', '종이 가방']","['Kott', 'Paberkott', 'kott', 'kilekott']","['laukku', 'pussi', 'kassi', 'muovikassi', 'paperikassi', 'paperipussi', 'säkki']","['tas', 'zak', 'papieren tas', 'buil']","['थैला', 'बोरा', 'बोरी', 'कागज के थैले']",bag,"['sacchetto', 'sacco', 'borsa', 'busta', 'Sacchetto di plastica', 'busta di carta', 'sacco di plastica', 'sacchetto di carta']","['jhola', 'potli']",['poocha'],"['pott', 'kutti', 'velicham', 'sakku', 'kaval']","['pocha', 'kottla', 'puchcha', 'bagu', 'jhola']","['potli', 'jhola']","['കുപ്പായം', 'പുസ്തകക്കുട', 'ബാഗ്', 'വല', 'തുണി']","['சாக்கு', 'பை', 'கைப்பை', 'பைப்', 'கைப்பை']","['తాళి', 'బ్యాగు', 'కుర్చీ', 'పుట్ట', 'బాగ']","['પોશેટ', 'બેગ', 'કાપડો', 'કાઠી', 'ટ્રાન્સપોર્ટર']"
"['montagne', 'colline']","['Berg', 'Hügel']","['гора', 'холм']","['mountain', 'mount', 'hill', 'loma', 'colina']","['山', '山脉', '高山', '大山', '山头', '丘陵', '小山', '山頭', '丘', '山丘', '山冈']","['montaña', 'monte', 'colina', 'loma', 'cerro', 'puig', 'collado', 'otero']","['山岳', '丘陵', '丘']","['산', '언덕']","['mägi', 'küngas']","['vuori', 'kukkula', 'mäki', 'kohouma', 'kumpu']","['berg', 'heuvel']","['पहाड़', 'पर्वत', 'पहाड़ी', 'पसंद']",mountain,"['montagna', 'monte', 'collina', 'montuosità', 'colle', 'poggio']","['parvat', 'giri', 'shikhar', 'pahar']","['malai', 'paadai', 'chithira']","['malai', 'padi', 'kurinji', 'malaiyur']","['parvata', 'giri', 'durgam', 'chilaka', 'malai']","['parvat', 'giri', 'chauk', 'pash', 'shikhar']","['പർവ്വതം', 'മല', 'കൊടുമുടി', 'മലയ']","['மலை', 'மலையடி', 'மலைத்தொடர்', 'மலைச்சிகரம்', 'மலையுச்சி']","['పర్వతం', 'గిరి', 'పొలం', 'నీలగిరి', 'శిఖరం']","['પહાડ', 'ટુંક', 'ચोटી', 'પર્વત', 'વરદ']"
"['textile', 'étoffe', 'tissu']","['Gewebe', 'Textilien', 'Stoff', 'Textil', 'Textilie']","['материя', 'ткань', 'текстиль', 'мате́рия', 'материа́л']","['fabric', 'cloth', 'textile', 'material']","['布', '紡織', '布料', '纺织', '织物', '台布', '衣料', '纺织品', '織物']","['textil', 'tela', 'tejido', 'género', 'paño', 'trapo', 'material']",['織物'],"['직물', '옷감']","['tekstiil', 'riie', 'kangas']","['tekstiili', 'kangas', 'kudos', 'materiaali']","['textiel', 'geweven stof', 'weefsel', 'kleed', 'doek', 'stof', 'vod']","['कपड़ा', 'वस्त्र']",cloth,"['prodotto tessile', 'materia tessile', 'tessuto', 'stoffa', 'tela', 'roba', 'pezza', 'panno', 'sbiadato']","['vastra', 'kapda', 'malmal', 'rakhi', 'dhoti']","['vadham', 'thooval', 'poochu', 'thira', 'veesham']","['vastram', 'kaṭṭi', 'vaṭṭam', 'pōṭṭu', 'pāṭṭu']","['vastram', 'vastramu', 'pocha', 'kapa', 'pancha']","['vadhu', 'vastra', 'kapda', 'poshak', 'dhoti']","['വസ്ത്രം', 'തുണി', 'പരുവ്']","['பட்டு', 'துணி', 'கம்பளி', 'சேலை']","['ఉడుకు', 'వస్త్రం', 'కాటన్', 'బట్ట', 'దుస్తు']","['કાપડ', 'રેશમ', 'કાશ્મીર', 'કાન', 'કાપડ']"
"['cœur', 'myocarde', 'cœur humain', 'cavité cardiaque']",['Herz'],"['сердце', 'сердце человека']","['heart', 'ticker', 'pump', 'Diaphragmatic surface of heart', 'human heart', 'cardiac chamber']","['心', '心脏', '心臟', '胸口']","['corazón', 'cámara cardíaca', 'corazón humano']","['心臓', '心腔', 'ヒトの心臓']",['심장'],['süda'],"['sydän', 'sydänlihas', 'pumppu']","['hart', 'human heart', 'hartkamer', 'lever', 'tikkertje', 'tikker', 'rikketik']",['हृदय'],heart,"['cuore', 'cuore umano', 'Superficie diaframmatica', 'superficie diaframmatica del cuore']","['hrid', 'dil']","['hridayam', 'thudayam', 'jalam']","['kaṭṭi', 'maṇi', 'kaṭṭu', 'kaṭṭiyar', 'maṇiyar']","['hridayam', 'hrudaya', 'jivatma', 'prema', 'anuragam']","['hrid', 'hrday', 'hridya', 'manas', 'jivan']","['ഹൃദയം', 'താല്', 'കണ്ണ്', 'അനുഭൂതി', 'പ്രണയം']","['கொதகம்', 'இதயம்', 'மனம்', 'உள்ளம்', 'மனசு']","['హృదయం', 'మనసు', 'ప్రేమ', 'కేంద్రం', 'ఆత్మ']","['હૃદય', 'માનસ', 'પ્રેમ', 'જીવન', 'ભાવ']"
"['main', 'patte']",['Hand'],"['рука', 'кисть']","['hand', 'manus', 'mitt', 'paw', 'Manus']","['手', '前足', '前肢骨']","['mano', 'palma', 'zarpa', 'manus', 'pata']",['マヌス'],['손'],['labakäsi'],"['käsi', 'jalka', 'käpälä', 'manus']","['klauw', 'hand', 'poot', 'klauwen', 'klavier', 'fik', 'vlerken', 'kluif', 'tengels', 'knijper', 'klavieren', 'fikken']",['हाथ'],hand,['mano'],"['haath', 'hath']","['kadal', 'kaay', 'hathu']","['kai', 'kavi', 'karuvi', 'kaṭṭu', 'kaṭṭi']","['hastu', 'kaayamu', 'payi', 'paada']","['haath', 'hath']","['കൈ', 'തടം', 'കയ്യ്', 'കൈകൾ', 'വിരലുകൾ']","['கை', 'கரம்', 'பற்கள்', 'அங்காடி', 'தடவல்']","['కై', 'చేతి', 'అંગుష్టం', 'పాదం', 'మోకాళ్ళు']","['હાથ', 'હાથપા', 'હાથકી', 'હાથગા', 'હાથપાળ']"
"['Soleil', 'soleil', 'jour', 'jour solaire']","['Sonne', 'Tag', 'Solartag', 'Sonnentag']","['Солнце', 'Со́лнце', 'со́лнечные су́тки', 'сутки']","['sun', 'Sun', 'twenty-four hour period', 'solar day', 'twenty-four hours', 'mean solar day', 'day']","['日', '日头', '太阳', '日頭', '太陽', '太陽日', '太阳日', '一昼夜', '平均太阳日', '民用日', '天', '日历日', '恒星日']","['Sol', 'sol', 'día', 'día solar']","['ひ', '太陽', '太陽日']","['태양', '해', '일', '날']","['Päike', 'päike', 'ööpäev']","['Aurinko', 'aurinko', 'vuorokausi', 'aurinkovuorokausi', 'päivä']","['zon', 'koperen ploert', 'Zon', 'zonnetje', 'dag', 'zonnedag']","['सूरज', 'दिनकर', 'भानु', 'आदित्य', 'ख़्वुरशेद', 'खुरशीद', 'सूर्य', 'शम्स', 'रवि', 'दिन']",day,"['sole', 'Sole', 'giorno', ""ventiquattr'ore""]","['din', 'roz', 'subah', 'prahar', 'aahuj']","['dinam', 'naal', 'roohu', 'dinam', 'kalam']","['naal', 'neram', 'aram']","['dina', 'dinamu']","['din', 'roj', 'dinak', 'divasa']","['ദിവസം', 'നാൾ', 'പകൽ']","['நாள்', 'தினம்', 'பகல்']","['రోజు', 'దినము', 'దినం']","['દિવસ', 'રોજ', 'દિવસકાળ', 'સવાર', 'સાંજ']"
['étoile'],"['Stern', 'Sonne', 'Fixstern']","['звезда', 'звезда́']",['star'],"['星', '恒星', '恆星', '母恒星']","['estrella', 'astro']","['恒星', '母恒星']","['별', '항성', '외계 행성 주인별']",['täht'],"['tähti', 'kiintotähti']","['zon', 'ster', 'sterretje']",['तारा'],star,"['stella', 'astro', 'sole']","['tara', 'nakshatra', 'taara']","['nakshathram', 'nakshatham', 'thaaram']","['natcattiram', 'vinmin', 'naksattiram', 'nattanki']","['naksatram', 'naksatramu', 'pramukha natudu']","['taro', 'taraka', 'tarankita karavum']","['നക്ഷത്രം', 'നക്ഷതം', 'താരം']","['நட்சத்திரம்', 'விண்மீன்', 'நக்ஷத்திரம்', 'நாத்தாங்கி']","['నక్షత్రం', 'నక్షత్రము', 'తార', 'ప్రముఖ నటుడు']","['તારો', 'તારક', 'તારાંકિત']"
"['lune', 'Lune', 'mois']","['Mond', 'Frau Luna', 'Luna', 'Erdmond', 'Monat']","['Луна', 'месяц', 'ме́сяц']","['Luna', 'Moon', 'moon', 'months', 'month', 'calendar month']","['月', '月球', '月亮', '月份']","['Luna', 'luna', 'mes', 'mes de calendario']",['月間'],"['달', '월', '월간']","['Kuu', 'kuu']","['Kuu', 'kuu', 'kuukausi', 'kalenterikuukausi']","['maan', 'Maan', 'maand', 'maanden', 'kalendermaand']","['चन्द्रमा', 'महीना', 'माह', 'मास']",moon,"['luna', 'Luna', 'mese', 'mese civile']","['chaand', 'chandra', 'ma', 'nisha']","['chandran', 'chaandrika', 'maasika']","['maani', 'chandran', 'maasi', 'thirai', 'chirambu']","['chandrama', 'candrika', 'chaandrudu']","['chandra', 'ma', 'chaand']","['ചന്ദ്രൻ', 'ചന്ദ്ര', 'ചന്ദ്രാ', 'ചന്ദ്രലുക്ക്', 'ചന്ദ്രാകാന്തി']","['chandra', 'சந்திரன்', 'மாதா', 'மாதன்', 'சந்திரா']","['చంద్రుడు', 'చంద్రు', 'చంద్ర', 'చంద్రుడు', 'చంద్రిక']","['ચાંદ', 'ચાંદ્ર', 'ચંદ્ર', 'ચંદ્રમા', 'ચંદ્રલોક']"
"['aubier', 'bois']","['Splintholz', 'Holz']","['дерево', 'оболонь', 'лес', 'древеси́на', 'древесина', 'лесоматериа́л', 'де́рево']","['sap-wood', 'wood', 'sapwood', 'alburnum']","['木', '木头', '木材', '木料', '木頭']","['albura', 'sámago', 'madera']",['木材'],"['나무', '목재']","['puit', 'puu']","['pintapuu', 'puu', 'puuaines']","['hout', 'spinthout', 'houtsoort']","['लक्डी', 'लकड़ी', 'काठ', 'काष्ठ']",wood,"['legno', 'alburno', 'legname']","['laakh', 'lāk', 'dāru', 'gāndh', 'shākh']","['maram', 'veppu']","['maram', 'kaṭṭu', 'mūla', 'pōl', 'kōṭṭu']",['chivvu'],"['lāmbhā', 'dāru', 'chāndā', 'kārī', 'gāḍh']","['കാട്', 'വൃക്ഷം', 'തടി', 'ലംബം']","['கல்', 'மரம்', 'பனை', 'பட்டை', 'கொட்டை']","['చెట్టు', 'కొమ్మ', 'వుడ్డు']","['લકડી', 'લાકડું', 'વૃક્ષ', 'કાંડા', 'વૃક્ષમુખ']"
"['hameau', 'village']","['Dorf', 'Ortschaft', 'Weiler', 'Dörfchen']","['село', 'деревня', 'слобода́', 'село́', 'кишла́к', 'ау́л', 'стани́ца', 'селе́ние', 'весца́', 'ху́тор', 'дере́вня', 'вёска', 'весь', 'ве́слина']","['village', 'hamlet']","['村', '乡庄', '鄉村', '村莊', '村落', '农村', '乡村', '屯落', '農村', '村庄', '村子', '鄉莊']","['caserío', 'pueblo', 'aldea', 'aldehuela']","['村落', '田舎']","['마을', '촌락']",['küla'],"['kylä', 'pieni kylä']","['dorp', 'gehucht', 'gat', 'buurt', 'buurtschap', 'vlek']","['गाँव', 'गांव']",village,"['paesello', 'borgo', 'paesino', 'frazione', 'villaggio', 'paese', 'borgata', 'casale', 'vico']","['gaav', 'gaon']","['gramam', 'palli', 'nadu']","['urumpāṭu', 'paṭṭi', 'āṭṭu', 'kūṭṭam', 'pāṇḍi']","['gramamu', 'palli']","['gaam', 'pattan', 'dham', 'nivas', 'grama']","['ഗ്രാമം', 'കുടുംബം', 'പട്ടണം']","['ஊர்', 'கிராமம்', 'கிராமப்புறம்', 'பட்டணம்', 'கிரிவட்டம்']","['గ్రామం', 'పల్లె', 'ఊరు']","['गाँव', 'વડ', 'ગામડું', 'ગામ']"
['chanson'],['Lied'],['песня'],"['song', 'vocal']","['歌', '歌曲']","['canción', 'vocal']",['歌曲'],['노래'],['laul'],"['laulu', 'sävelmä', 'lauluosuus']","['lied', 'zang', 'liedje', 'een appel en een ei', 'nummer']",['गीत'],song,"['canzone', 'canzonetta', 'canto']","['gaana', 'geet', 'bhajan', 'tappa', 'bandish']","['paattu', 'geetham', 'gaanam', 'sangeetham', 'keerthanam']","['paatu', 'keerthanai', 'geetham', 'thullal', 'padal']","['geetham', 'padam', 'swaram', 'gaanam', 'sangeetham']","['geet', 'gaan', 'sangeet', 'tarana', 'bhajan']","['ഗാനം', 'പാട്ട്', 'സംഗീതം']","['பாடல்', 'பதின்ம', 'பாட', 'கீதம்', 'நாதம்']","['పాట', 'గీతం', 'గానం']","['ગીત', 'ગાન', 'ભજન', 'રેખા', 'સંગીત']"
"['eau', 'eaux', ""étendue d'eau""]","['Wasser', 'Gewässer']","['вода', 'воды', 'во́дное простра́нство', 'водоём', 'водный объект']","['water', 'body of water', 'waterbody']","['水', '水體', '水体']","['agua', 'cuerpo de agua', 'extensión de agua', 'masa de agua']",['水域'],"['물', '수역']","['vesi', 'veekogu']","['vesi', 'vedet', 'vesimuodostuma', 'vesialue']","['water', 'zoetwater', 'majem', 'wateren', 'waterlichaam']","['जल', 'पानी', 'जल निकाय']",water,"['acqua', 'acque', ""corpo d'acqua"", ""bacino d'acqua"", ""massa d'acqua"", ""specchio d'acqua""]","['paani', 'jal']","['jalam', 'pani', 'neer']",['ney'],"['jala', 'pani', 'theertham', 'neeru', 'jalam']","['jal', 'pani']","['물', 'ജലം', 'വെള്ളം']","['நீர்', 'தண்ணீர்', 'பொழில்', 'நிலா', 'வளி']","['물', 'నీళ్ళు', 'జలం']","['જળ', 'પાણી']"
['sable'],['Sand'],"['песок', 'песо́к']",['sand'],"['沙', '沙子', '砂']",['arena'],['砂'],['모래'],"['liiv', 'Liiv']",['hiekka'],"['zand', 'zavel', 'lef', 'zandstrand']","['बालू', 'रेत']",sand,"['sabbia', 'rena', 'arena']","['rakkam', 'mitti', 'bhasma']",['manal'],['manal'],"['mitti', 'bhoomi', 'rekhala', 'samanthalu', 'paani']","['relo', 'mitti']","['रेതം', 'മണൽ', 'മണ്ണ്']","['மணல்', 'சேறு', 'மண்', 'கடற்பாறை', 'தூள்']","['रेत', 'మట్టి']","['મીઠું', 'કાળી', 'રેતી', 'કણ', 'ભૂસ']"
"['rivière', 'fleuve', 'courant', ""cours d'eau"", 'ruisseau', 'rupt', ""courant d'eau"", 'ru']","['Fluß', 'Fluss', 'Bach', 'Wasserlauf', 'Fließgewässer']","['река', 'водный путь', 'ручей', 'поток', 'ре́чка', 'водоток', 'пото́к', 'речу́шка', 'руче́й', 'система озёр']","['river', 'stream', 'watercourse', 'brook', 'lake system']","['河', '水流', '河流', '川', '江', '水道', '小河', '溪', '流水']","['río', 'ríos', 'arroyo', 'corriente', 'curso de agua', 'flujo']","['川', '流れ', '小川', '渓流', '水路']","['강', '시내', '물길', '내', '개울']","['jõgi', 'vooluveekogu', 'oja', 'Oja']","['joki', 'vesitie', 'vesistö', 'puro', 'väylä', 'vesireitti', 'noro', 'oja', 'virtavesi', 'virta']","['rivier', 'stroom', 'waterloop', 'beek', 'merensysteem', 'watergang']","['नदी', 'दरिया', 'रूद', 'जलस्रोत']",river,"['fiume', ""corso d'acqua"", 'corrente', 'ruscello', 'rivo', 'torrente']","['nदी', 'nadi']","['nadhi', 'pushpagiri', 'theertham']","['kaveri', 'nadi', 'theertham', 'amudham', 'thanneer']","['nadhi', 'pushkarini', 'nalla', 'jalam', 'teertham']","['nhiri', 'nadi', 'saras', 'pushpavati']","['നദി', 'പുഴ', 'തടാകം', 'കുളം']","['ஆறு', 'நதி', 'குறுநதி', 'பள்ளத்தாக்கு', 'கால்வாய்']","['నది', 'ప్రవాహం', 'జలధारा', 'నేరు', 'వాగు']","['નદી', 'પાર્વતી', 'પ્રવાહ', 'જળાશય', 'જળધारा']"
"['loi', 'droit', 'méthode', 'procédé', 'manière']","['Recht', 'Gesetz', 'Verfahrensweise', 'Methode', 'Vorgehensweise', 'Art und Weise', 'Verfahren']","['право', 'пра́вило', 'пра́во', 'зако́н', 'закон', 'метод', 'приём', 'ме́тод', 'спо́соб']","['law', 'jurisprudence', 'process', 'way', 'method']","['法', '法律系统', '法律', '方法', '方式', '做法', '办法']","['derecho', 'ley', 'Derecho', 'jurisprudencia', 'método']","['方法', '方式']","['법', '방법', '방식']","['õigus', 'seadus', 'meetod', 'viis']","['laki', 'juridiikka', 'menetelmä', 'metodi']","['wet', 'recht', 'methode', 'methodiek', 'handelwijze', 'optreden', 'systeem', 'handelwijs', 'systematiek']","['नियम', 'विधि', 'क़ानून', 'तरीक़ा', 'तरह']",law,"['diritto', 'legge', 'giurisprudenza', 'legislazione', 'corpo legislativo', 'metodo', 'procedimento', 'maniera', 'sistema']","['kanoon', 'vidhi', 'niyam', 'adhikar', 'vidheya']","['vidhi', 'nyayam', 'niyama', 'adhikaram', 'dharmam']","['niyama', 'kaala', 'vidhi', 'aathu', 'kaayidam']","['nyayam', 'vidhi', 'dharmam', 'kanun', 'niyama']","['nyaya', 'kanoon', 'vidhi', 'vidhividhan', 'adhikar']","['നിയമം', 'കനून', 'നിർദേശം', 'അനുമതി', 'അച്ചടക്കം']","['கட்டளை', 'சட்டம்', 'விதி', 'குறள்', 'நियम']","['నियम', 'చట్టం', 'కానూన్', 'నిబంధన']","['કાનून', 'નિયમ', 'વિધિ', 'શાસન', 'પ્રતિબંધ']"
"['milieu marin', 'océan']","['Meeresumwelt', 'Ozean']","['морская окружающая среда', 'океан']","['sea', 'body of water', 'bounding main', 'ocean', 'marine environment']","['洋', '海洋', '大洋']","['océano', 'ambiente marino', 'mar']","['大洋', '海洋']",['대양'],"['ookean', 'merekeskkond']","['valtameri', 'meriympäristö']","['mariene milieu', 'oceaan', 'plas', 'wereldzee']",['महासागर'],ocean,"['ambiente marino', 'oceano']","['samudra', 'sagar', 'tal']","['samudra', 'sindhu', 'thal', 'saagar', 'samudram']","['kailaya', 'samudra', 'thalaimurai', 'thalaimurai', 'teengal']","['samudra', 'sagara']","['samudra', 'sagar']","['സമുദ്രം', 'കടൽ', 'നീലാകാശം', 'തടാകം']","['바다', 'கடல்', 'பெருங்கடல்', 'சமுத்திரம்', 'ஆழ்கடல்']","['సముద్రం', 'మహాసముద్రం', 'సముద్రతీరం']","['સમુદ્ર', 'મહાસાગર', 'સાગર']"
"['grotte', 'caverne']",['Höhle'],['пещера'],['cave'],"['洞', '洞穴', '洞窟', '石窟']","['caverna', 'cueva', 'gruta']",['洞窟'],['동굴'],['koobas'],"['luola', 'luolasto']","['hol', 'grot']",['गुफ़ा'],cave,"['caverna', 'grotta', 'antro']","['guh', 'gufa']","['guha', 'peedika', 'koodu']","['koovam', 'kūvam', 'kūvi', 'kūviyam', 'kūvippāṭam']","['guha', 'guhalu', 'guggila', 'bhoomi guha', 'bhoomi guhalu']","['gufa', 'gho', 'andhar', 'chhapar', 'bhuvan']","['ഗുഹ', 'കുഴി', 'കേവ', 'അന്തർഗുഹം', 'പുഴയ്ക്കുഴി']","['குழியுறை', 'மலைக்கொட்டகை', 'மரத்தினுள்', 'மண்வெட்டகம்', 'முகாம்']","['గుహ', 'గుహా', 'అంతర్భాగం']","['ગુફા', 'ખડક', 'ખડકનો છાપ', 'ગોધણ', 'ગુફા']"
['mer'],['Meer'],"['Мировой океан', 'море']",['sea'],"['海', '世界洋']","['mar', 'océano mundial', 'océano', 'mares']",['世界の大洋'],['바다'],"['Maailmameri', 'meri']",['meri'],['zee'],['सागर'],sea,"['mare', 'acque']","['samudra', 'sagar']","['samudra', 'tharangam', 'sagaram']","['kai', 'thalaimurai', 'samudra', 'thalaimurai', 'paalaimurai']","['samudra', 'sagara', 'thalasa', 'jalam', 'samudramu']","['samudra', 'sagar']","['സമുദ്രം', 'കടൽ', 'തടാകം']","['바다', 'கடல்', 'சமுத்திரம்']","['సముద్రం', '바다', 'తరంగాలు']","['સમુદ્ર', 'મહાસાગર', 'સાગર', 'સમુદ્રમહાસાગર', 'પ્રાણ']"
"['flamme', 'feu']","['Flamme', 'Feuergarbe', 'Lohe', 'Feuer', 'Feuerzunge']","['огонь', 'пламя', 'по́лы́мя', 'пла́мень', 'пла́мя', 'Пламя']","['flame', 'fire', 'flaming']","['火', '火焰', '焚烧', '燃烧', '火舌', '焰']","['fuego', 'llama', 'flama', 'lumbre', 'incendio']","['炎', '火炎']","['불', '화염', '불꽃', '불길']","['põleng', 'leek', 'Tuli', 'tuli', 'Leek']","['tuli', 'liekki']","['vuur', 'fik', 'vlam', 'laai']","['अग्नि', 'आग', 'आतिश', 'ज्वाला', 'शोला', 'लौ', 'लपट']",fire,"['fuoco', 'fiamma']","['ag', 'jwala', 'aag', 'diya', 'teej']","['theeyam', 'agni', 'jwalam']","['agathi', 'thekku']","['agni', 'jwala', 'theertham']","['agni', 'jwala', 'tejo']","['അग्നി', 'തീ', 'തീപ്പൊള്ളി', 'തീപ്പാട്', 'കത്തി']","['நெருப்பு', 'தீ', 'தீயினு']","['అగ్ని', 'మంట', 'తీవ్రత', 'దహనం', 'కాంతు']","['આગ', 'જ્વાળા', 'દહન', 'પ્રજ્વલન', 'તેલ']"
"['heure', 'point', 'Points', 'points', 'Point', 'nombre de points', 'score']","['Stunde', 'Scorerpunkt', 'Spielergebnis', 'Spielstand', 'Punkt']","['час', 'очко́', 'счёт', 'результа́т', 'очко', 'очки', 'Очки', 'балл']","['hour', 'hr', 'point', 'score']","['点', '小时', '钟头', '钟点', '小時', '鐘點', '點齊', '點', '鐘頭', '得分', '分', '比分']","['hora', 'h', 'puntaje', 'puntuación', 'point', 'tantos', 'punto']","['時間', '時', 'ポイント', '得点', 'スコア']","['시', '시간', '포인트', '득점']","['tund', 'skoor, punktiseis', 'punkt']","['tunti', 'h', 'piste', 'tehopiste', 'pistemäärä', 'Tehopiste']","['uur', 'stonde', 'h', 'punt', 'stand', 'doelpunt', 'locatie', 'winstpunt', 'tijdpunt', 'plek']",['घंटा'],point,"['ora', 'point', 'punteggio', 'punto']","['point', 'बिंदु', 'कोण', 'सूचक', 'प्रतिष्ठान']","['chithram', 'bhedam', 'sthalam', 'mukham', 'angam']","['nāṭṭu', 'pōnttu', 'nāṭṭam', 'pōntṭu', 'nāṭṭi']","['bhinnam', 'mukhya', 'sthalam', 'sthaanam', 'dakshina']","['punkt', 'mukhya', 'sthaan', 'ang', 'nibandh']","['ബിന്ദു', 'അക്ഷരം', 'പോയിന്റ്', 'സ്ഥാനം', 'ചിഹ്നം']","['நுனி', 'புள்ளி', 'குறி', 'கோடு', 'இடம்']","['బిందువు', 'చిట్ట', 'ప్రదేశం', 'కోణం', 'σημείο']","['બિંદુ', 'ચિહ्न', 'સ્થાન']"
"['ballon', 'balle', 'ballon de football', 'sphère', 'boule', 'bal', 'orbe', 'football', 'pelote', 'soccer', 'foot', 'globe']","['Ball', 'Fußball', 'Kugel', 'Tanzball', 'Gestirn', 'Knäuel']","['мяч', 'футбольный мяч', 'шар', 'сфе́ра', 'сфера', 'бал', 'ногомя́ч', 'клубо́к', 'футбо́л']","['ball', 'association football ball', 'sphere', 'globe', 'orb', 'formal', 'Football', 'football']","['球', '足球比赛用球', '球體', '球面', '球体', '球形', '舞会', '足球', '蹴球', '天体', '毛球', '球状物']","['pelota', 'bola', 'balón', 'pelota de fútbol', 'balón de fútbol', 'esfera', 'baile', 'balón de fútbol americano', 'orbe', 'balompié', 'futbol', 'pambol', 'fútbol', 'balón-pie']","['ボール', 'サッカーボール', '球面', '球体', '舞踏会', '蹴球', 'サッカー', 'フットボール', '玉']","['공', '축구공', '구', '구체', '무도회', '천체', '풋볼', '축구']","['pall', 'kera', 'sfäär', 'ball', 'Ball', 'jalgpall']","['pallo', 'jalkapallo', 'kehrä', 'tanssiaiset', 'Tanssiaiset', 'kerä', 'lankakerä', 'pyöreä kappale']","['bal', 'voetbal', 'bol', 'bolleke', 'bolletje', 'kluwen', 'wereldbol']","['गेंद', 'गोला', 'फुटबॉल', 'फ़ुटबॉल', 'फ़ुटबाल', 'फुटबाल']",ball,"['pallone', 'palla', 'pallone da calcio', 'sfera', 'ballo', 'veglione', 'palla da rugby', 'palla ovale', 'gomitolo', 'calcio', 'orbe', 'globo']",['golla'],"['golu', 'kutti', 'chakkaram']","['kūṭṭu', 'pōṭṭu', 'gōl', 'kaṭṭu', 'pāṇi']","['golla', 'liddam', 'gudugudu']","['golu', 'lilli', 'phanda', 'khel', 'gunda']","['കളി', 'ഗോളം', 'പന്തു']","['பந்து', 'வட்டம்', 'கோப்பை']","['గेंद', 'బంతి', 'బాల్']","['ગોળ', 'કુટુ', 'રમત', 'ટોપ', 'ગોળા']"
"['peinture', 'artiste peintre', 'peintre', 'image', 'tableau']","['Abbild', 'Maler', 'Darstellung', 'Gemälde', 'Malerei']","['картина', 'образ', 'живопись', 'жи́вопись']","['image', 'picture', 'artist', 'painting', 'painter', 'art of painting']","['画', '绘画', '畫作', '油漆', '繪畫', '画儿', '图画']","['pintora', 'imagen', 'pintor', 'pintura', 'pintado', 'lienzo', 'cuadro']","['絵画', '画像', 'タブロー', '絵画作品']",['회화'],"['maal', 'maalimine', 'maalikunst']","['kuva', 'maalaustaide', 'maalaus']","['schilder', 'verven', 'plaatje', 'schilderen', 'kunstschilder', 'afbeelding', 'schilderkunst', 'geschilder', 'schilderij', 'schilderstuk', 'schilderwerk', 'doek']",['चित्रकला'],painting,"['pittura', 'pittore', 'raffigurazione', 'immagine', 'dipinto', 'verniciatura', 'quadro']","['chitrakala', 'chitra', 'rang', 'lekha', 'potrika']","['chitra', 'mural', 'kalapam', 'vishuddhi', 'rangam']","['chitra', 'kalai']","['chitra', 'kalpana', 'lekha', 'rangam', 'chitram']","['chitra', 'rang', 'kalakar', 'lekhak', 'chitrakala']","['ചിത്രം', 'കലാकृति', 'പെയിന്റിംഗ്', 'ചിത്രീകരണം']","['படமெடுப்பு', 'சித்திரம்', 'வரைபடம்', 'படச்சித்திரம்', 'பூங்கொத்து']","['చిత్రం', 'చిత్రకళ', 'రంగులు', 'వర్ణన', 'అలంకరణ']","['ચિત્ર', 'રંગોળી', 'કલાકૃતિ', 'ચિત્રકામ']"
"['riziculteur', 'riz', 'riz paddy', 'mètre']","['Reis', 'Meter']","['рис', 'метр']","['rice farmer', 'rice', 'rice grower', 'Rice gadu', 'meter', 'metre', 'm']","['米', '稻米', '稻', '稻子', '公尺', '米突', 'm']","['arroz', 'metro', 'm']","['稲', 'メートル', '㍍']","['쌀', '벼', '미터', '메터']","['riis', 'meeter']","['riisi', 'riisikasvi', 'metri', 'm']","['rijst', 'rijstboer', 'Aziatische rijst', 'meter', 'metriek']","['चावल', 'तंडुल', 'धान', 'भात', 'मीटर', 'मान', 'm']",rice,"['riso', 'risicoltore', 'risicultore', 'metro']","['chawal', 'bhat', 'anna', 'dhanya', 'dhanyavali']","['chaaval', 'ari']",['arisi'],"['bisi', 'chaval', 'akki', 'ponni', 'bhojanam']","['chawal', 'bhaat', 'akki']","['beras', 'അരി', 'चावल']","['அரிசி', 'சாதம்', 'நெல்', 'பச்சரிசி', 'அரி']","['ధాన్యం', 'బియ్యం', 'అన్నం']","['ચોખા', 'ભાત']"
['rouge'],['Rot'],"['красный', 'красный цвет', 'кра́сный']","['red', 'redness']","['红', '红色', '紅色']","['rojo', 'roja', 'rojez']",['赤'],"['빨강', '빨간색']",['punane'],"['punainen', 'punaisuus']","['rood', 'keel']",['लाल'],red,['rosso'],"['lal', 'laal', 'rakht', 'rang']",['cheru'],['kaalai'],"['raktham', 'loha', 'chandana']","['lal', 'rangilo', 'rakta', 'laal']","['കറുപ്പ്', 'ചുവപ്പ്']","['செந்நிறம்', 'சிவப்பு', 'கறுப்பு']","['ఎరుపు', 'లోహిత', 'కారం']",['લાલ']
"['route', 'itinéraire', 'chemin', 'fil', 'fil textile', 'droite', 'ligne droite', 'ligne', 'ficelle', 'corde']","['Strasse', 'Straße', 'Wegstrecke', 'Weg', 'Pfad', 'Route', 'Garn', 'Faden', 'Zwirn', 'Strang', 'Nähgarn', 'Gerade', 'Kordel', 'Schnur']","['дорога', 'курс', 'маршру́т', 'доро́га', 'тра́сса', 'путь', 'пряжа', 'пря́жа', 'нить', 'ни́тка', 'прямая', 'Шпагат', 'шпагат', 'верёвка', 'шнур', 'шпага́т', 'бечёвка']","['road', 'route', 'thread', 'yarn', 'straight line', 'line', 'string', 'twine', 'path', 'itinerary', 'travel itinerary', 'Travel itinerary']","['线', '沿路', '马路', '道路', '路徑', '馬路', '路径', '路', '航线', '路線', '航線', '道', '路线', '線', '公路', '纱线', '纱', '紗', '毛線', '毛线', '紗線', '直线', '合股線', '合股线', '细绳', '旅游行程', '旅遊行程', '行程', '轨道', '旅程', '小道', '小径', '途径']","['carretera', 'calle', 'camino', 'itinerario', 'ruta', 'hilo', 'hebra', 'hilado', 'lana', 'hilaza', 'recta', 'línea', 'cordel', 'mecate', 'cuerda', 'guita', 'bramante', 'cordón', 'recorrido']","['道', '道路', '路線', '通路', '道筋', 'ルート', '糸', '毛糸', '直線', '紐']","['도로', '경로', '길', '로선', '노선', '실', '털실', '직선', '끈']","['maantee', 'tee', 'marsruut', 'teekond', 'kedrus', 'lõng', 'niit', 'sirge', 'nöör', 'Nöör']","['tie', 'maantie', 'reitti', 'rihma', 'lanka', 'kuitu', 'säie', 'suora', 'muoto', 'naru', 'nyöri']","['baan', 'straat', 'weg', 'traject', 'route', 'kasseiweg', 'straatweg', 'steenweg', 'garen', 'draad', 'rechte lijn', 'lijn', 'touw', 'twijn', 'koord', 'streng', 'tweern', 'paktouw', 'bindtouw', 'bindgaren', 'pees']","['राह', 'रोड', 'रास्ता', 'सड़क', 'मार्ग', 'पथ', 'तागा', 'सूत', 'धागा', 'तंत', 'ताँत', 'सूत्र', 'डोरा', 'तन्तु', 'सरल रेखा', 'तार']",line,"['strada', 'itinerario', 'percorso', 'via di comunicazione', 'via', 'filo', 'filato', 'refe', 'cucirino', 'linea retta', 'linea', 'retta', 'stringa', 'spago', 'legaccio', 'laccetto', 'fila', 'cordicella', 'rotta']","['rekha', 'sirf', 'rasta', 'chiz']","['rekha', 'naal', 'paadham', 'sari', 'tharam']","['reṇṭu', 'nāṭṭu', 'pāṭṭu', 'pāṭṭi', 'pāṭṭu']","['rekha', 'nakshatramu', 'paada', 'rekhala', 'sari']","['rekha', 'sutra', 'padi', 'danda', 'chha']","['രേഖ', 'പരമ്പര', 'വരി', 'അക്ഷരം', 'അതിർത്തി']","['வரை', 'கோடு', 'வரி', 'எல்லை', 'பட்டை']","['రేఖ', 'పంక్తి', 'వరుస', 'కట్ట', 'సరళ']","['રેખા', 'કડી', 'કતાર', 'સરખા', 'દોર']"
"['réseau', 'filet', 'réseau informatique', 'maille de tricot', 'maillage', 'tissus']","['Netzwerk', 'Rechnernetz', 'Computernetzwerk', 'Netz', 'Gittergewebe', 'Gitter']","['компьютерная сеть', 'мерёжа', 'Сетка', 'мре́жа', 'се́тка', 'сеть']","['net', 'computer network', 'mesh', 'network', 'meshwork', 'meshing', 'knitting stitch']","['网', '電腦網路', '计算机网络', '網', '筛', '网孔', '網孔']","['malla', 'red informática', 'red de computadoras', 'red', 'red de ordenadores', 'rejilla']","['コンピュータ・ネットワーク', '編', '網', 'メッシュ']","['그물', '망']",['võrk'],"['verkko', 'seula']","['gaas', 'computernetwerk', 'netwerk', 'net', 'breisteek', 'vangnet']",['जाल'],net,"['rete', 'rete di calcolatori', 'rete informatica', 'maglia', 'reti']","['net', 'jhal', 'jaal']","['inet', 'jhalak', 'vaibhavam']","['inet', 'valai', 'aṭṭu']","['jhalak', 'janala', 'vaibhavamu', 'sambandhamu', 'vastu']","['jat', 'jali', 'sambandh', 'vahivat', 'vahan']","['ഇന്റർനെറ്റ്', 'ജാലകം', 'പരന്ന പാളി']","['இணையம்', 'மீன்பிடிப்புக் கம்பி', 'ஜால', 'திட்டம்', 'வேலை']","['జాలీ', 'జాల్', 'వెబ్']","['જાળ', 'નેટવર્ક', 'ટ્રેબ', 'ટાઈપ', 'સંકેત']"
"['thé', 'feuille de thé']","['Tee', 'Teeblatt', 'Teeblätter']","['чай', 'ча́йные ли́стья', 'ча́йный лист']","['tea', 'tea leaf']","['茶', '红茶', '茶叶', '茶葉']","['té', 'tisana', 'infusión', 'hoja de té']","['茶葉', 'お茶っ葉']","['차', '차잎', '찻잎', '다엽']",['tee'],"['tee', 'teelehti', 'teenlehdet', 'teenlehti']","['thee', 'theeblad']",['चाय'],tea,"['tè', 'thè', 'foglia di tè']","['chai', 'masala chai', 'adrak chai']","['chaaya', 'chhaaya', 'chai']","['chai', 'nariyal chai', 'kaapi']","['chai', 'chaaya']","['chai', 'cha', 'chha']","['ചായ', 'കാapi']","['பானை', 'காபி', 'சாப்பி', 'தேநீர்']","['చాయ', 'కాఫీ']","['ચા', 'ચાઈ', 'ચાપાણી']"
['pied'],"['Fuß', 'Pes']",['стопа'],"['human foot', 'foot', 'pes', 'Pes', 'Foot']","['足', '腳', '脚', '脚部']","['pie', 'pes', 'pata']",['ペス'],['발'],['Labajalg'],"['jalkaterä', 'jalka']","['voet', 'voeten', 'poot', 'pootje']",['पैर'],foot,['piede'],"['paad', 'hath', 'charan']","['kaalam', 'paadi']","['kaṭṭi', 'kālai', 'kaṭṭu', 'paṭṭi', 'paṭṭu']","['pada', 'jalamu', 'paadamu', 'chiraku', 'kaalamu']","['paad', 'chala', 'paay', 'paad', 'paad']","['കാല്\u200d', 'പാദം', 'അടി']","['கால்', 'பாதம்', 'அடி', 'தாள்', 'பாதம்']","['పాదం', 'కాలు', 'అడుగు']","['પગ', 'પાલ', 'પગલું', 'પગચેડ', 'ચરણ']"
"['or', 'métal']","['Gold', 'Metall', 'Metalle']","['золото', 'металл', 'металлы']","['gold', 'Au', 'metal', 'metallic element']","['金', '黃金', '黄金', '金子', '金属', '金属元素', '金屬']","['oro', 'metal', 'metales', 'elemento metálico']",['金属'],"['금', '금속']","['kuld', 'metall', 'metallid']","['kulta', 'Au', 'metallit', 'metalli', 'metalliaines']","['goud', 'metaal']","['सोना', 'धातु']",gold,"['oro', 'metallo']","['sone', 'hiira', 'suvarna', 'kanchan']","['suvarna', 'sona']","['pon', 'manaivi', 'suvarnam']","['suvarnamu', 'hiranya', 'kanaka', 'suvarnam', 'kanakamu']","['sone', 'suvarna', 'hiray', 'kanak']","['പൊന്\u200d', 'സ്വर्णം', 'പാണ്ഡ്യം', 'മണി']","['золото', 'தங்கம்', 'மதிப்பு', 'விலை', 'பச்சை']","['గురు', 'సువర్ణం', 'పసుపు', 'వెండి']","['સોનું', 'ચાંદી', 'હીરા', 'મુક્ત', 'રત્ન']"
"['encadrement de porte', 'porte', 'portière', 'huis']","['Türfutter', 'Türrahmen', 'Tor', 'Türzarge', 'Türen', 'Tür', 'Türe']","['две́ри', 'дверь', 'ворота']","['door case', 'doorcase', 'door', 'door frame', 'doorway', 'doorframe', 'gate']","['门', '戶', '門', '门儿', '門兒', '門扉', '闸门']","['puerta', 'marco de puerta', 'seguro', 'verja', 'barrera', 'portón']","['門', 'ドア', '扉', '戸', '戸口']","['문', '관문', '대문']","['uks', 'värav']","['ovi', 'portti']","['poort', 'portier', 'deur', 'hek', 'toegangshek', 'spoorboom', 'gate', 'overwegboom']","['द्वार', 'दरवाज़ा', 'दर', 'प्रवेश', 'दरवाजा']",door,"['telaio della porta', 'porta', 'portiera', 'uscio', 'sportello', 'cancello', 'barriera']","['dwaar', 'darwaza', 'pravesh']","['kadavu', 'paravai']","['kaṭṭi', 'vaasal']","['dvara', 'prakaasha', 'madhyam']","['dvar', 'darwaza', 'pravesh']","['പടി', 'വാതിൽ', 'താഴ്വര', 'കവാടം']","['தொகுப்பு', 'வாசல்', 'படி', 'கதவு', 'வாயில்']","['దరవాza', 'తలుపు', 'గేటు']","['દરવાજો', 'બાજુ', 'દરવાજા', 'પ્રવેશદ્વાર', 'પારિત']"
"['neige', 'couche de neige', 'chute de neige']","['Schneedecke', 'Schneefall', 'Schnee']","['снегопад', 'снег']","['snow cover', 'snow', 'snowfall', 'snow mantle']","['雪', '下雪', '降雪']","['nevada', 'capa de nieve', 'nieve', 'nevar']","['降雪', 'ゆき']",['눈'],['lumi'],"['lumi', 'lumisade']","['sneeuw', 'sneeuwlaag', 'sneeuwval', 'sneeuwwit', 'sneeuwen']","['हिम', 'हिमपात', 'बर्फ़']",snow,"['nevicata', 'caduta di neve', 'neve']","['baraf', 'boor', 'himal']",['thulaavu'],['malai'],"['sneham', 'chala  thanda  paani', 'thanda  paani']","['snow -  bāgh', 'bāghā', 'chānd', 'chāndni', 'sneh']","['മഞ്ഞു', 'പാറ', 'താഴ്വര']","['மழை', 'பனி', 'பனியு型', 'பனிக்காற்று', 'பனிப்பொழிவு']","['బర్షం', 'కొయ్య', 'మంచు']","['બરફ', 'બરફબાર']"
"['cheval', 'equus caballus', 'maman']","['Gaul', 'Pferd', 'Ross', 'Hauspferd']","['лошадь', 'домашняя лошадь']","['horse', 'Equus caballus', 'mom', 'mammy', 'mama', 'mummy', 'mum', 'ma', 'momma', 'mamma', 'mumma', 'mommy']","['马', '馬']","['caballo', 'Equus ferus caballus', 'yegua', 'equinos', 'mami', 'ma', 'mama', 'mamá', 'madre']","['馬', 'ウマ', 'Equus caballus']",['말'],['hobune'],"['hevonen', 'Equus caballus', 'äiti']","['paard', 'peerd', 'viervoeter', 'ros', 'mamma', 'mama']",['घोड़ा'],horse,"['cavallo', 'Equus ferus caballus', 'Equus caballus', ""ma'"", 'mammina', 'mamma']","['ghora', 'ashv', 'hiy', 'ghoda']","['ashva', 'gajam']","['palai', 'aṭṭu', 'vaṭṭu', 'kaṭṭu', 'maṇai']","['asva', 'gajulu']","['ghorad', 'asva']","['അश्व', 'ആന', 'മൃഗം', 'പശു', 'കുതിര']","['குதிரை', 'மாடு', 'அசுவ', 'வீரமான்', 'யானை']","['గంగ', 'ఆడగంగ', 'మేక', 'పందు', 'దుంగ']","['અश्व', 'કાઠિયા', 'ઘોડો']"
['jaune'],['Gelb'],"['жёлтый', 'жёлтый цвет']","['yellow', 'yellowness']","['黄', '黃色', '黄色']",['amarillo'],['黄色'],"['노랑', '황색']","['kollane', 'Kollane']","['keltainen', 'kelta', 'keltaisuus']","['geel', 'goud']","['पीला', 'ज़र्द']",yellow,['giallo'],"['pitta', 'peela', 'soni', 'kanta', 'narangi']","['manjal', 'ponn']","['manni', 'peyyam', 'ponn']","['penki', 'pempu', 'kanaka', 'kanaka varnam']","['pitta', 'naranga', 'kanta', 'kanth', 'sonal']","['노란색', 'पीला', 'പച്ചക്കറുപ്പ്']","['கீழ்', 'மஞ்சள்', 'पीला', 'மஞ்சள்நிறம்', 'மஞ்சள்']","['పసుపు', 'పచ్చరంగు', 'నారింజ']","['પીળો', 'પીળી', 'કાંકરી', 'સોનેરી', 'લીલો']"
"['blancheur', 'blanc']","['weiß', 'Weiß', 'Weiss', 'Weißgrad']","['белый', 'бе́лый цвет', 'белый цвет']","['whiteness', 'white', 'colorimetric whiteness']","['白', '白色']","['blanco', 'blancura']","['白色', '白色度']","['흰색', '흰', '하양']",['valge'],"['valkoinen', 'valkea', 'valkoisuus']","['blankheid', 'witheid', 'wit', 'zilver']","['सफ़ेद', 'श्वेत']",white,"['bianco', 'candore', 'bianchezza', 'pallidezza']","['safed', 'shweta', 'suvarna']","['thooval', 'kaari', 'snehtham', 'thooval']","['vennila', 'vazhvu', 'kaala', 'thiri', 'pōl']","['alba', 'shweta']","['shweta', 'safed']","['നീല', 'വെള്ള', 'പാടുക', 'വെളുപ്പ്', 'സ്വർണ്ണ']","['வெள்ளை', 'பழுப்பு', 'சாம்பல்', 'வெண்மை', 'நிறமற்ற']","['పసుపు', 'తెల్లని', 'బిగుసు', 'శుభ్రమైన', 'వెండి']","['શ्वेत', 'સફેદ', 'ચાંદી']"
"['un', 'Un']","['eins', 'Eins', 'ein']","['один', 'одно́', 'раз', 'оди́н', 'одна́', 'едини́ца']","['one', 'ace', 'unity', 'I', 'single', 'Numero Uno']",['一'],"['uno', 'es', 'dos']",['一つ'],"['한', '하나', '일']","['üks', 'Üks']","['yksi', 'ykkönen', 'I']","['één', 'een', 'i', 'twee']","['इक', 'एक']",one,['uno'],['ek'],['oru'],"['oru', 'aṭṭu', 'eṭṭu']","['ekkuva', 'eka', 'oru', 'mulaku']",['ek'],"['ഒന്ന്', 'ഒരു']","['ஒரு', 'ஒன்று']","['ఒక', 'ఒకటి', 'ఏకైక', 'ఒక్క', 'ఒకట']",['એક']
['deux'],"['zwei', 'Zwei']","['двойка', 'дво́йка', 'две', 'два', 'дво́е']","['two', 'deuce', 'II']","['二', '貳', '贰', '两', '兩']",['dos'],['二つ'],"['둘', '이', '두']","['kaks', 'Kaks']","['kakkonen', 'kaksi', 'II']",['twee'],"['द्वि', 'दुई', 'दो']",two,['due'],"['do', 'do']","['oru', 'rendu']","['rendu', 'irandu']","['rendu', 'eka duvvada']","['do', 'do-do', 'ek-ek', 'dva', 'do-do']","['രണ്ട്', 'രണ്ടു']","['இரண்டு', 'இரு', 'இரட்டை', 'இரண்டாம்', 'இரண்டே']","['రెండు', 'ద్వి', 'ఇద్దరు', 'రెండు']","['બે', 'બેપાસ', 'દ્વિ', 'બેટા', 'બેટા']"
"['six', 'demi-douzaine', 'sextuor']","['Schwindler', 'sechs', 'halbes Dutzend']","['шесть', 'полдю́жины', 'ше́стеро']","['six', 'half a dozen', 'sextuplet', 'VI', 'Captain Hicks', 'sise', 'sextet', 'hexad', 'sixer', 'sestet']",['六'],"['seis', 'Sexteto de música', 'sixer', 'sexteto', 'sise', 'hexad', 'sestet']","['シックス', '六つ']","['륙', '여섯', '육']","['kuus', 'Kuus']","['kuusi', 'puoli tusinaa', 'sekstetti', 'kuusikko', 'Captain Hicks', 'VI', 'heksa', 'kuutonen']","['zes', 'sextool']","['छः', 'छह']",six,"['sei', 'sestetto']",['chhesis'],"['aaru', 'shatam']",['aṟu'],"['shashti', 'chatushashti', 'atha']",['chhe'],"['ആറു', 'ഷിക്സ്', 'ആറ']",['ஆறு'],"['ఆరు', 'షష్టం']","['છ', 'છાણ', 'છ']"
"['psyché', 'esprit', 'noûs', 'Noûs', 'cerveau', 'tête', 'chef', 'leader']","['Verstand', 'Nous', 'Psyche', 'Geist', 'Wahrnehmung', 'Haupt', 'Kopf', 'Führer', 'Leiter']","['Нус', 'ра́зум', 'психика', 'ум', 'голова', 'глава́', 'башка́', 'голова́']","['head', 'brain', 'mind', 'nous', 'psyche', 'Nous', 'caput', 'chief', 'boss', 'director', 'leader', 'top dog']","['头', '头脑', '脑海', '脑袋', '精神', '心智', '心靈', '智性', '心灵', '头部', '頭子', '頭部', '头子', '頭', '腦袋', '首', '頭腦', '领袖', '首领', '首脑']","['mente', 'psique', 'Mente', 'Nous', 'nous', 'cabeza', 'cerebro', 'marote', 'melón', 'testa', 'sesera', 'coco', 'sabiola', 'tarro', 'maceta', 'chola', 'punta', 'líder', 'jefe', 'responsable']","['心', 'ヌース', '念頭', 'プシュケー', '頭', '頭部', 'リーダー', '指導者']","['누스', '프시케', '마음', '머리']","['nous', 'psüühika', 'Psüühika', 'Nous', 'vaim', 'Vaim', 'pea']","['Nous', 'Psyyke', 'mieli', 'pää', 'psyyke', 'nous', 'järki', 'älli', 'lanttu', 'kallo', 'pomo', 'päällikkö', 'johtaja']","['brein', 'verstand', 'psyche', 'Nous', 'geest', 'nous', 'denkvermogen', 'rede', 'kop', 'hoofd', 'baas', 'bazin', 'leider', 'op uw plaatsen, klaar, af!', 'chef', 'directeur', 'schoolhoofd', 'rector', 'ouwe', 'bestuurder']","['मन', 'सिर', 'सर']",head,"['testare', 'pensiero', 'mente', 'cervello', 'Intelletto cosmico', 'psiche', 'nous', 'testa', 'psicologia', 'capo', 'capoccia', 'zucca', 'chiorba', 'cranio', 'principale', 'leader', 'direttore', 'comandante', 'responsabile']",['sir'],"['mudal', 'thala', 'siras', 'muzhuppu', 'thala']","['thala', 'mukha']","['mudi', 'sariru', 'shiras']","['sar', 'shira', 'mukhya']","['ശിരസ്സ്', 'തല', 'മുഖം', 'തലയ്ക്കൽ', 'മേൽ']","['தலை', 'தல', 'முகம்', 'தலையகம்', 'முன்']","['머కు', 'తల', 'శిరస్సు', 'గుండె', 'చివర']","['મગજ', 'શીર', 'મસ્તક', 'માથું', 'શિરો']"
"['commerce', 'magasin', 'boutique']","['Einzelhandelsgeschäft', 'Geschäft', 'Laden']","['лавка', 'магазин', 'бути́к', 'магази́н', 'ла́вка']","['boutique', 'store', 'retail outlet', 'shop']","['店', '商店', '鋪子', '铺子', '店铺', '店鋪']","['tienda', 'comercio', 'negocio', 'establecimiento', 'almacén']","['商店', '販売店', '売店', '店鋪', 'ストア', 'ショップ']","['가게', '판매점', '상점']","['pood', 'kauplus']","['myymälä', 'kauppa']","['winkel', 'magazijn', 'nering', 'shop', 'atelier', 'zaak', 'werkplaats']","['दुकान', 'दूकान']",shop,"['negozio', 'magazzino', 'esercizio', 'spaccio', 'bottega', 'fondo commerciale', 'locale']","['dukaan', 'kiraya', 'dukan']","['kadai', 'angadi', 'dukaana']","['kaṭṭi', 'kōṭṭam', 'pāṭṭi', 'pāṭṭi', 'pāṭṭi']","['bhandaram', 'dukaana']","['dukaan', 'bazar', 'akhada', 'khopdi', 'thokri']","['കട', 'കടയ്ക്ക', 'അടയ്ക്ക', 'കച്ചവടം', 'കച്ചേരി']","['düக்கான்', 'கடை', 'ஆடைக்கடை', 'கடைகள்', 'கடலுக்கடை']","['düకాణం', 'దుకాణం', 'కొనుగోలు', 'అమ్మకం', 'బిట్']","['દુકાન', 'ભંડાર', 'કિંમત', 'સ્ટોર', 'બજાર']"
['ministère'],['Ministerium'],"['министерство', 'министе́рство']",['ministry'],"['部', '部门']","['ministerio', 'cartera', 'consejería']",['省'],"['성', '부', '부처']",['ministeerium'],['ministeriö'],"['ministerie', 'departement']",['मंत्रालय'],part,"['ministero', 'ministero statale', 'dicastero']","['hissssa', 'ang', 'bhaag', 'khand', 'daal']","['anga', 'bhagham', 'porutham', 'thala', 'kandam']","['poruttal', 'aṭṭu', 'paṭṭu', 'aṇṭu', 'kūṭṭam']","['angamu', 'anga', 'bhagamu', 'bhagavathu', 'daalamu']","['bhag', 'hissa', 'ang', 'khundal']","['ഭാഗം', 'അംശം', 'ഭാഗികം', 'പകുതി', 'ഘടകം']","['பகுதி', 'பாகு', 'பகுப்பு', 'பகுதி', 'துணை']","['భాగం', 'అంశం', 'భాగము', 'ముక్క', 'శ్రేణి']","['ભાગ', 'અંગ', 'કિસ્સા', 'ભુમિકા', 'હિસ્સો']"
"['yeux', ""globe de l'oeil"", 'œil', 'globe oculaire']","['Augapfel', 'Auge', 'Augen']","['глаз', 'глазное яблоко', 'око']","['eye', 'eyes', 'eyeball', 'eye ball', 'optic', 'oculus']","['目', '眼睛', '眼', '睛球', '睛']","['ojos', 'ojo', 'globo ocular', 'oculus']","['眼球', '眼']",['눈'],"['silm', 'silmamuna']","['silmämuna', 'silmä', 'näkö-', 'näkö']","['oogbol', 'ogen', 'oogappel', 'oog', 'kijker', 'kijkers']","['आँख', 'आंख']",eye,"['bulbo oculare', 'occhio', 'occhi']","['aankh', 'chakshu', 'drishti', 'netra', 'palak']","['kann', 'akshhi', 'nethra', 'chakshusha', 'drishti']","['kann', 'kaṇ', 'kanavu', 'kanni', 'kannam']","['nethra', 'chakshusu', 'drishti', 'kanna']","['akshu', 'chakshu', 'drishti', 'netra', 'nayana']","['അണ്ണ', 'കണ്ണ്', 'കാഴ്ച']","['அண்ணா', 'கண்', 'பார்வை', 'முகிழ்கண்', 'கண்கள்']","['ఆँख', 'కన్ను', 'చూపు']","['આંખ', 'દેખ', 'નજર', 'ચક્કર', 'દ્રષ્ટિ']"
['danse'],['Tanz'],['танец'],['dance'],"['舞', '舞蹈']","['danza', 'baile']",['ダンス'],['춤'],['tants'],['tanssi'],['dans'],['नृत्य'],dance,"['danza', 'ballo']","['naach', 'nritya']","['nritham', 'nritham', 'koodi', 'thullal']","['nṛtta', 'nṛityam', 'kuṛippu', 'thāṇam', 'pāṭṭu']","['nrittam', 'nritya', 'nritham', 'abhinayam']","['nritya', 'nritta', 'naach', 'thap', 'ghoomar']","['നൃത്തം', 'നൃത്തം', 'ചവിട്ടു', 'പാട്ടു', 'കളി']","['நृத்தம்', 'ஆடல்', 'நடனம்', 'பாடல்', 'சாட்டை']","['నృత్యం', 'నాటకం', 'పాట', 'కళ', 'మోహనం']","['નૃત્ય', 'નૃત', 'નૃત્યકલા', 'ચાલ', 'ગીત']"
"['caractère', 'lettre']","['Buchstabe', 'Letter']","['буква', 'бу́ква', 'ли́тера']","['letter', 'alphabetic character', 'letter of the alphabet']","['字', '字母', '文字', '文字字元', '文字字符']","['letra', 'carácter', 'carácter alfabético']","['文字', '字母']","['글씨', '글자', '문자', '낱자', '자모']","['pookstav', 'kirjatäht', 'täht', 'aabe']","['kirjain', 'aakkonen', 'aakkoskirjain']","['karakter', 'letter', 'boekstaaf', 'letterteken']","['अखर', 'आखर', 'वर्ण', 'हर्फ', 'हर्फ़', 'हरफ', 'अक्षर', 'हरफ़', 'लिपि']",word,"['carattere', 'lettera', ""lettera dell'alfabeto"", 'carattere alfabetico']","['shabd', 'pada', 'vakya', 'sabda', 'avachar']","['palam', 'shabdam', 'vaakyam', 'pada', 'avyaktam']","['valarchi', 'paṭṭi', 'uḷḷam', 'kural', 'kavi']","['pada', 'shabdam', 'vachanam']","['shabd', 'vakya', 'sankalp', 'naam', 'avachar']","['വാക്കു', 'പദം', 'വാക്യം']","['단어', 'சொல்', 'வார்த்தை']","['단어', 'పదం', 'వచనం', 'శబ్దం', 'పదకోశం']","['શબ્દ', 'પાત્ર', 'શબ્દસમૂહ', 'ઉચ્ચાર']"
"['paire', 'couple']","['Paar', 'geordnetes Paar']","['пара', 'па́ра', 'упорядоченная пара']","['pair', 'brace', 'ordered pair']","['双', '雙', '一對', '有序对', '對', '对', '一对']","['par', 'par ordenado']","['一組', '順序対', '対', 'ペア', '一対']","['켤레', '순서쌍', '한쌍', '페어']","['Järjestatud paar', 'järjestatud paar', 'paar']","['järjestetty pari', 'pari']","['koppel', 'tweetal', 'paar', 'duo']","['क्रमित युग्म', 'जोड़ा']",pair,"['coppia', 'coppia ordinata', 'paio']","['jodi', 'jora', 'do', 'dala', 'sah']","['jodisam', 'dvipam', 'yugam']","['kōṭṭai', 'kōṭṭu', 'kōṭṭam', 'kōṭṭaiyai', 'kōṭṭaiyiruppu']","['jodu', 'yugala', 'danda']","['jodi', 'yuga', 'do', 'dala', 'jora']","['Jodi', 'തമ്പടി', 'കൂട്ടം']","['இணை', 'ஜோடி', 'தம்பதி', 'துணையுள்ள', 'இருசேர']","['Jodi', 'దంపతులు', 'జంట', 'సముదాయం', 'ద్వయం']","['જોડી', 'સમૂહ', 'દંપતી']"
"['lumière', 'source lumineuse', 'lumière visible']","['Lichtquelle', 'Licht']","['свет', 'Свет', 'ви́димый свет']","['light', 'light source', 'visible light', 'visible radiation']","['光', '可見光', '可见光']","['fuente luminosa', 'luz', 'luz visible', 'radiación visible']","['可視光', '可視光線']","['가시광선', '빛']",['valgus'],"['valo', 'näkyvä valo', 'näkyvä säteily']","['licht', 'lichtbron']",['प्रकाश'],light,"['luce', 'sorgente luminosa', 'radiazione visibile', 'luce visibile']","['roshni', 'prakaash', 'jyoti', 'deep', 'nimit']","['jyothi', 'vilakku', 'prakaasam']","['nālam', 'vilakku', 'jyothi', 'pōthu', 'kānti']","['jyothi', 'prakasam', 'vilakku', 'nimisham']","['jyoti', 'prakas', 'roshni', 'nimit']","['പ്രകാശം', 'വെളിച്ചം', 'തെളിവ്', 'ജ्योതി']","['ஒளி', 'வெளிச்சம்', 'பிரகாசம்', 'விளக்கு']","['కాంతి', 'వెలుగు', 'ప్రకాశం', 'జ్యోతి', 'దీపం']","['જ્યોત', 'પ્રકાશ', 'ચમક', 'દિવા', 'રંગ']"
"['temps', 'temps grammatical']","['Zeit', 'Zeitform', 'Tempus']",['время'],"['tense', 'grammatical tense', 'time']","['时', '时态']","['tiempo gramatical', 'tiempo']",['時制'],['시제'],['aeg'],"['aikamuoto', 'tempus']","['tijd', 'werkwoordstijd']","['व्याकरणिक काल', 'काल']",time,['tempo'],"['samay', 'samay', 'kala', 'waqt']","['samayam', 'kala', 'kaalam', 'sandhyam']","['kal', 'ner', 'murai']","['kaalam', 'samaya']","['samay', 'kala', 'saath', 'vaqt', 'dur']","['സമയം', 'കാലം', 'നിമിഷം']","['நேரம்', 'காலம்', 'நொடி', 'மணி', 'நாள்']","['కాలం', 'సమయం']","['સમય', 'કાળ']"
"['noir', 'couleur', 'teinte', 'teint']","['Farbe', 'Schwarz', 'Teint', 'Gesichtsfarbe']","['чёрный', 'цвет']","['black', 'color', 'coloring', 'colouring', 'complexion', 'colour', 'lists of colors']","['色', '黑色', '颜色', '顏色', '烏黑色', '乌', '乌黑色', '烏', '詳細顏色列表']","['negra', 'color', 'tez', 'negro', 'coloración', 'colorido']","['黒', 'くろ', 'ワインの色']","['검정', '검은색', '색깔', '색']","['must', 'värv', 'värvus', 'Värvuste loendid']","['väri', 'musta', 'väritys']","['gelaatskleur', 'teint', 'zwart', 'kleur', 'kleurtje']","['रंग', 'काला']",color,"['colore', 'carnagione', 'nero', 'colorazione']","['rang', 'varn', 'shabd', 'abhar', 'chitra']","['varnam', 'chithram', 'rangam', 'nirupamam', 'vegam']","['color -  veṟi', 'malai', 'pōkku', 'varai', 'chōṟu']","['rangam', 'varnam', 'chitra', 'nilam', 'varnamu']","['rang', 'varna', 'chhaya']","['നിറം', 'വർണ്ണം', 'ചായം']","['நிறம்', 'வண்ணம்', 'வர்ணம்', 'பச்சை', 'சிவப்பு']","['రంగు', 'వర్ణం', 'వర్ణము']","['રંગ', 'છાયા', 'વર્ણ', 'રંગમય']"
"['graine', 'semence']","['Samenkorn', 'Saat', 'Same', 'Samen']","['се́мя', 'семя', 'семена́']",['seed'],"['种', '種子', '種', '种子', '籽']","['semilla', 'pepita', 'simiente']","['種子', '種']","['씨', '씨앗']",['seeme'],['siemen'],['zaad'],"['दाना', 'बीज']",kind,['seme'],"['kind', 'sahyog', 'prem', 'daya', 'milind']","['sneham', 'daivam', 'upakaram', 'maitri', 'karunyam']","['kind', 'nandri', 'ninaippu', 'paavam', 'thavarum']","['mithra', 'daivam', 'sahasam', 'sneham', 'priyam']","['sundar', 'prem', 'milind', 'shubh', 'drashta']","['സുന്ദരം', 'നല്ല', 'സ്നേഹപൂർണ്ണ', 'ദयाലു', 'മിത']","['நல்ல', 'இயற்கையான', 'அன்பான', 'மனமுவந்து', 'நேர்மையான']","['కరుణ', 'మంచి', 'రకం', 'ప్రకారం', 'రీతి']","['સરસ', 'મૈત્રીપૂર્ણ', 'પ્રેમી', 'દયાળુ', 'હિંમતવાન']"
['nœud'],['Knoten'],['узел'],['knot'],"['结', '繩結', '节']","['nudo', 'lazo']",['結び目'],['매듭'],"['sõlm', 'Sõlm']","['solmu', 'Solmu']",['knoop'],['गांठ'],tie,"['nodo', 'annodamento', 'groppo', 'annodatura']","['bandh', 'dori', 'rachi', 'saath', 'joda']","['thiri', 'koodu', 'bandham']","['thooppu', 'koodu', 'kaṭṭu', 'kōṭṭu']","['bandham', 'koodu', 'bandhamu', 'thali', 'thali']","['bandh', 'khat', 'bandhan', 'joda', 'saath']","['കെട്ടി', 'മുടക്ക്', 'ബന്ധം', 'കെട്ടിപ്പിടിക്കുക']","['கட்டை', 'கட்டி', 'இணைப்பு', 'மடல்', 'கயிறு']","['ముడి', 'కట్టు', 'బంధం', 'కట్టి', 'బిగువు']","['ટાઈ', 'બાંધણ', 'બાંધવું', 'બોટન', 'રેખા']"
"['face', 'figure', 'visage', 'page', 'aspect', 'facette']","['Visage', 'Angesicht', 'Antlitz', 'Gesicht', 'Seite', 'Facette', 'Fassette']","['лицо', 'обли́чье', 'лик', 'лицо́', 'физионо́мия', 'страница', 'сторона', 'грань', 'аспе́кт', 'вид']","['face', 'human face', 'page', 'facet', 'aspect', 'side']","['面', '臉', '脸', '面孔', '人类的脸', '颜', '页', '頁', '方面']","['rostro', 'cara', 'jeta', 'faz', 'rostro humano', 'página', 'faceta', 'aspecto']","['顔', 'ページ', '項', '様相']","['얼굴', '페이지', '쪽', '양상']","['nägu', 'Nägu', 'lehekülg']","['naama', 'kasvot', 'pärstä', 'sivu', 'puoli', 'aspekti', 'ominaisuus', 'näkökohta', 'näkökulma', 'näkökanta']","['tronie', 'smoel', 'aangezicht', 'gelaat', 'gezicht', 'snoet', 'fieselefacie', 'bakkes', 'porem', 'snufferd', 'ponem', 'facie', 'snuit', 'smoelwerk', 'fieselemie', 'aanschijn', 'toetje', 'postzegel', 'toet', 'pagina', 'bladzijde', 'blad', 'zijde', 'aspect', 'facet']","['चेहरा', 'मुखड़ा', 'मुख', 'पृष्ठ']",face,"['viso', 'faccia', 'volto', 'pagina', 'facciata', 'pag.', 'aspetto', 'sfaccettatura', 'lato']","['mukha', 'chehra']",['mukham'],"['muṇam', 'mukha']","['mukha', 'vaanam']","['mukha', 'chehra']","['മുഖം', 'വില്ല്', 'പുറം']","['முகம்', 'முகப்பு', 'வாய்', 'தோல்', 'முகச்சோலை']","['ముఖం', 'వ్యక్తి', 'దిక్కు', 'వాగు', 'చిహ్నం']","['મુખ', 'ચહેરો', 'વાળ', 'પ્રતિબિંબ', 'દેખાવ']"
"['pont', 'liste de ponts romains', 'passerelle']","['Brücke', 'Liste römischer Brücken']",['мост'],"['bridge', 'span', 'list of Roman bridges']","['桥', '橋', '桥梁']","['puente', 'bóveda']","['はし', '橋']","['다리', '교량']",['sild'],['silta'],"['brug', 'lijst van Romeinse bruggen']",['सेतु'],bridge,"['ponte', 'ponti romani']","['pul', 'seth', 'sangam']","['sethu', 'puli', 'thodu']","['settu', 'pōl', 'pōlvilai', 'kōṭṭam', 'vaṇṇam']","['setu', 'pulla', 'bandham', 'samarambham', 'sangamam']","['setu', 'pul']","['പാലം', 'പുഴയിലൂടെ', 'സംഗമം']","['பாலம்', 'இணைப்பு', 'விரிப்பு']","['సెṭ్టె', 'పుల్లు', 'సింధు', 'సెట్టె', 'సెట్టె']","['સેતુ', 'પુલ', 'સંકલન', 'સંધાન']"
"['troupeau', 'bouquet', 'groupe', 'botte', 'regroupement']","['Hirt', 'Herde', 'Hirte', 'Strauß', 'Bund']","['стадо', 'буке́т', 'пучо́к', 'свя́зка']","['herd', 'clustering', 'cluster', 'bunch', 'clump']","['群', '群居', '兽群', '牧群', '束', '簇', '丛', '帮', '一丛', '一群', '一串', '串']","['rebaño', 'rebañador', 'manada', 'pastor', 'piara', 'manojo', 'ramo', 'bonchote', 'grupo', 'puñado', 'agrupación', 'racimo', 'cúmulo', 'amontonamiento', 'clúster']","['群れ', '房', '束']","['무리', '다발', '송이']","['Kari', 'kari']","['paimen', 'Lauma', 'lauma', 'nippu', 'kimppu', 'rykelmä', 'ryhmä', 'parvi']","['kudde', 'herder', 'bos', 'unit', 'troep', 'tros', 'cluster', 'span', 'sterrenhoop', 'stel']",['झुंड'],group,"['mandria', 'gregge', 'branco', 'armento', 'mucchio', 'graspo', 'ciuffo', 'raggruppamento', 'mazzo', 'insieme', 'gruppo']","['samaj', 'goup', 'parishad', 'sangathan', 'mandal']","['samajam', 'sangham', 'mandalam', 'parishadham', 'gruham']","['kōṭṭam', 'kūṭam', 'paṭṭi', 'pāṭṭi', 'saṅgha']","['samajam', 'gruham', 'sangham', 'parishadam', 'mandal']","['samaj', 'sangathan', 'gruh', 'mandal', 'parishad']","['समूह', 'കൂട്ടം', 'സംഘം', 'ഗ്രൂപ്പ്']","['க்குழு', 'தொகுதி', 'கும்பல்', 'அணி', 'சங்கம்']","['సమూహం', 'బృందం', 'గుంపు', 'కుటుంబం', 'జట్టు']","['મंडળી', 'જૂથ', 'સંગઠન', 'કટાર', 'કુટુંબ']"
"['domicile', 'maison']",['Haus'],"['дом', 'жилище']","['house', 'home', 'dwelling']","['屋', '房屋', '家屋', '住宅', '家', '房子']",['casa'],"['家', '家屋', '住宅']",['집'],"['hoone', 'maja']",['talo'],"['optrekje', 'woning', 'onderdak', 'woonplaats', 'huis', 'verblijf', 'domicilie', 'woonhuis', 'huisje']","['घर', 'मकान']",house,"['casa', 'domicilio', 'abitazione']","['ghar', 'basera', 'griha', 'aashray']","['illam', 'veedu', 'griham']","['venila', 'il', 'veedu', 'naal', 'thavalam']","['illam', 'griham', 'vasati', 'baytham', 'nivasam']","['ghar', 'bungalow', 'vas', 'griha', 'niwas']","['വീട്', 'വസതി', 'കെട്ടിടം', 'അവകാശം', 'താമസസ്ഥലം']","['வீடு', 'குடிசை', 'இல்லம்', 'பங்களா', 'மனை']","['ఇంటి', 'నివాసం', 'గృహం', 'కుటుంబం', 'భవనం']","['ઘર', 'મકાન', 'બંગલો', 'રેસિડેન્સ', 'બિલ્ડિંગ']"
"['développement historique', 'histoire']","['Geschichte', 'historische Entwicklung', 'Geschichtswissenschaft']","['история', 'исто́рия']","['historical development', 'history']","['史', '歷史', '历史', '歷史學', '历史学']",['historia'],"['歴史', '沿革']","['역사', '사학']",['ajalugu'],"['historia', 'historiantutkimus']",['geschiedenis'],"['इतिहास', 'तारीख़']",history,['storia'],"['itihaas', 'puratan', 'kahani', 'lekha', 'vamsha']","['charithram', 'ithihasam', 'purathu', 'lekhanam']","['chrithi', 'ilakkiyam', 'purathu', 'varalaru']","['Itihasa', 'puratatvamu', 'charitramu', 'lekhalu', 'vamsavali']","['itihasa', 'lekhak', 'puratan', 'gatha', 'vamsavali']","['ചരിത്രം', 'ഇതിഹാസം', 'പാരമ്പര്യം', 'കഥ', 'വർത്തമാനം']","['வரலாறு', 'கால வரலாறு', 'பண்டைய காலம்']",['చరిత్ర'],"['ઇતિહાસ', 'ઇતિહાસકથા', 'વર્તમાન', 'પૂર્વવર્તન', 'યાદગાર']"
"['vallée', 'val', 'céréale']","['Tal', 'Senke', 'Korn', 'Getreide', 'Frucht', 'Zerealie']","['долина', 'Долина', 'доли́на', 'зерновые культуры', 'злак', 'зернова́я культу́ра', 'крупа́']","['valley', 'dale', 'vale', 'cereal', 'cereal grass']","['谷', '溪谷', '山谷', '谷地', '谷物', '谷类', '穀類', '穀物']","['dolina', 'valle', 'val', 'cereal', 'cereales']",['穀物'],"['골짜기', '계곡', '시리얼', '곡류', '곡물', '알곡']","['org', 'teravili']","['laakso', 'vilja', 'viljanjyvä', 'Vilja', 'viljakasvi']","['dal', 'vallei', 'graan', 'koren', 'graansoort']","['घाटी - पर्वतों या उत्थित भागों के बीच निचली ज़मीन वाला हिस्सा, लम्बाई में विस्तार वाला', 'घाटी', 'वादी', 'खाद्यान्न']",valley,"['valle', 'vallata', 'conca', 'cereali', 'cereale']","['ghati', 'nadi', 'dhara']","['kadal', 'chira', 'thala', 'kandam', 'paalam']","['kadal', 'malaiyai', 'kūṭam']","['nadhi thalu', 'talu', 'konda thalu', 'gundla', 'chala']","['ghati', 'nadi', 'talav', 'dhar', 'khad']","['കുന്നിൻ താഴ്വര', 'വയൽ', 'താഴ്വര', 'പാട', 'അരുവി']","['வலாய்', 'குன்றுகளுக்கு இடையில் உள்ள பகுதி', 'பள்ளத்தாக்கு']","['ఒకవంక', 'లోయ', 'గాలి', 'లోయలు', 'లోయ']","['વડ', 'ખીણ', 'ગાદી', 'ખાડ', 'ડોળ']"
"['période', 'ère géologique', 'ère', 'génération']","['Ära', 'Generation', 'Geschlecht']","['геологическая эра', 'поколе́ние']","['period', 'era', 'geological era', 'generation']","['代', '地质代', '纪元', '輩', '辈', '世代']","['tiempo', 'periodo', 'era geológica', 'era', 'período', 'época', 'generación']",['世代'],"['대', '세대']","['aegkond', 'põlvkond']","['maailmankausi', 'aikakausi', 'geologinen ajanjakso', 'sukupolvi']","['era', 'tijdperk', 'tijdrekening', 'periode', 'generatie']","['भूवैज्ञानिक महाकल्प', 'पीढ़ी', 'पुश्त', 'नस्ल']",generation,"['periodo', 'era', 'era geologica', 'età', 'generazione']","['pradarshan', 'avdhar', 'sampraday', 'vamsha']","['purogam', 'sambhava', 'avasaanam', 'daanam', 'janma']","['puram', 'varpu', 'kural', 'paṭṭu', 'kūṭam']","['purogati', 'paksham', 'avatharamu', 'sambhava', 'janma']","['purogati', 'vamsha', 'avashya', 'janma', 'samay']","['തലമുറ', 'പരമ്പര', 'കാലഘട്ടം']","['தலைமுறை', 'பரம்பரை']","['తరం', 'తరగతి', 'పరం', 'కాలం', 'వంశం']","['પેઢી', 'વય', 'સમય', 'ઉત્પાદન']"
"['agglomération urbaine', 'métropole', 'ville', 'cité', 'grande-ville', 'bourgade', 'bourg']","['Metropole', 'Stadt', 'Großstadt', 'Weltstadt', 'Stadtsiedlung', 'Kleinstadt', 'Bourg']","['метрополия', 'город', 'центр', 'мегаполис', 'го́род', 'метропо́лия', 'мегапо́лис', 'град', 'метрополис', 'малый город', 'бург']","['city', 'urban center', 'metropolis', 'city/town', 'town', 'large village']","['城', '城市', '都市', '大都市', '城市/城镇', '市', '大城市', '大都会', '大都會', '大型村落', '鄉鎮', '镇', '城镇']","['área metropolitana', 'zona metropolitana', 'ciudad', 'aglomeración urbana', 'metrópolis', 'metrópoli', 'ciudad/pueblo', 'urbe', 'capital', 'villa', 'pueblo', 'población']","['主要都市', '都市', '都市・街', 'メトロポリス', '町', '大都市', '大都会', '都会', '市', '街']","['시내', '도시', '시', '메트로폴리스', '대도시', '마을']","['linn', 'pealinn', 'suurlinn', 'Suurlinn']","['kaupunki', 'suurkaupunki', 'metropoli', 'kaupunkikeskus', 'pikkukaupunki']","['stad', 'wereldstad', 'grootstad', 'metropool', 'moederstad', 'town', 'middelgrote plaats of stadje', 'plaats', 'gemeente']","['शहर', 'नगर', 'बड़ा शहर']",city,"['città', 'metropoli', 'città o paese', 'urbe', 'centro urbano', 'cittadina', 'grosso paese', 'paese']","['nagar', 'shahar', 'puri', 'kshetra', 'metropolis']","['nagaram', 'puram', 'kshetram', 'valam', 'thala']","['nagaram', 'pattinam', 'ural', 'kural', 'kavi']","['nagaram', 'kshetram', 'puri']","['nagar', 'shahar', 'puri', 'metropolis', 'dham']","['നഗരം', 'പട്ടണം', 'നഗരി', 'താലൂക്ക്', 'കേന്ദ്രം']","['நகரம்', 'பேரூராட்சி', 'நகப்புறம்', 'நகரம்']","['నగరం', 'పట్టణం', 'పుర']","['મહાનગર', 'શહેર', 'નગર', 'નગરપાલિકા', 'શહેરી']"
"['langue', 'langage', 'langage humain']","['Zunge', 'Sprache', 'menschliche Sprache', 'Einzelsprache']","['язык', 'язы́к', 'речь']","['language', 'human language', 'linguistic communication']","['语', '語言', '语言', '言语', '言語', '话', '話']","['lengua', 'idioma', 'lenguaje', 'comunicación lingüística']","['言語', '個別言語', '言葉']","['언어', '말', '개개의 언어']",['keel'],"['kieli', 'kielellinen kommunikaatio']","['taal', 'spraak', 'tong']","['ज़बान', 'भाषा', 'ज़ुबान', 'भासा', 'लिसान', 'भाष', 'वाणी', 'भाखा', 'बोली']",language,"['lingua', 'linguaggio', 'idioma']","['bhasha', 'bhasha', 'vaani', 'sabda', 'prakriti']","['bhasha', 'bhāṣā', 'vaakyam']","['mozhi', 'valar', 'ezhuthu']","['bhasha', 'vaani', 'bhāṣā', 'śabda']","['bhasha', 'vachana', 'bhasha', 'vachana', 'boli']","['ഭാഷ', 'ഭാഷാ', 'വാക്കുകൾ']","['மொழி', 'மொழிபெயர்ப்பு', 'வார்த்தை', 'பேச்சு', 'மொழி']","['భాష', 'మాతృభాష', 'వాక్యము', 'ప్రాంతీయ భాష']","['ભાષા', 'ભાષા', 'ભાષા']"
"['vitesse', 'vélocité', 'vecteur vitesse', 'Vitesse', 'rapidité']","['Geschwindigkeit', 'Schnelligkeit', 'Geschwindigkeitsvektor']","['скорость', 'ско́рость']","['velocity', 'speed']","['速', '速率', '速度']",['velocidad'],"['速度', '速さ']","['빠르기', '속도', '속력']",['kiirus'],"['nopeus', 'vauhti']","['snelheid', 'vaart', 'gezwindheid', 'vlugheid']",['वेग'],speed,"['velocità', 'celerità']","['speed -  teer', 'shpeeed', 'drishti', 'gati', 'vaat']","['vegam', 'chaal', 'shramam', 'vruththi', 'sneham']","['velicham', 'kavalai', 'vazhthukkal', 'soothu', 'paadai']","['vegam', 'chaal', 'sankalpam', 'gati', 'durgati']","['vilo', 'tejas', 'drutata', 'gati']","['വേഗം', 'പാട്', 'ത്വര', 'ചലനം']","['வேகம்', 'திசை', 'சுரண்டல்', 'துரிதம்']","['వేగం', 'త్వర', 'వేగాన్ని', 'దూరం', 'వేగం']","['ગતિ', 'ઝડપ', 'વેગ', 'દર', 'ઝડપી']"
"['territoire', 'terre ferme', 'plancher des vaches', 'terre', 'sol']","['Land', 'Festland', 'Grund', 'Erdboden', 'Boden', 'Erde', 'Länder', 'fester Boden']","['земля', 'суша', 'су́ша', 'земля́', 'зе́мли', 'грунт']","['land', 'ground', 'terra firma', 'earth', 'solid ground', 'dry land', 'land mass']","['地', '陸地', '土地', '陆地', '地面']","['tierra', 'territorio', 'terreno', 'tierra firme', 'suelo']","['地面', '土地', '大地', '土', '陸地']","['땅', '육지', '륙지', '대지', '뭍', '토지']","['maa', 'maismaa']","['maa', 'maanpinta', 'kuiva maa']","['land', 'aarde', 'droge land', 'vaste grond', 'grond', 'bodem', 'vasteland']","['सरजमीन', 'धरती', 'भूतल', 'ज़मीन', 'भूमि']",ground,"['territorio', 'terra', 'terraferma', 'superficie', 'suolo', 'terra ferma', 'continente']","['bhumi', 'dhruv', 'maidan', 'zameen']","['bhumi', 'thalam', 'nadu', 'maadam', 'bhoomi']","['mani', 'nadu', 'thalaivan', 'thalaimurasu']","['bhumi', 'dhruvam', 'bhoomi', 'maata', 'thala']","['bhumi', 'dhruv', 'maidan', 'dharti', 'chha']","['ഭൂമി', 'മണ്ണ്', 'തറ', 'പുറം']","['மண்ணு', 'நிலம்', 'தளம்', 'மேடை', 'பூமி']","['భూమి', 'మట్టి', 'నేల', 'మేద', 'పొలం']","['મકાન', 'ભૂમિ', 'માટી', 'ભૂમિ', 'સપાટી']"
['queue'],['Schwanz'],['хвост'],['tail'],"['尾', '尾巴', '尾子']",['cola'],['尻尾'],['꼬리'],['saba'],"['pyrstö', 'häntä']",['staart'],"['दुम', 'पूंछ', 'पूँछ', 'पुच्छ']",tail,['coda'],"['shvan', 'poosh']",['koodu'],"['koyil', 'vaiyil', 'koodal']","['jalam', 'chala', 'vembu', 'konda', 'pilla']","['chhu', 'shanku', 'dhuli', 'pashu']","['കുരുക്ക്', 'പരു', 'വാല്\u200d', 'പുറം']","['வாலும்', 'குடில்', 'பின்புறம்', 'பின்னால்', 'அந்தப்புறம்']","['పుంటి', 'కొన', 'చివరు', 'కొమ్ము']","['પૂંછડી', 'ટીલ']"
"['maman', 'maternité', 'mère']","['Mutter', 'Mutterschaft']","['мать', 'материнство']","['mother', 'female parent', 'motherhood']","['母', '母親', '娘', '妈妈', '母亲']","['madre', 'maternidad', 'mamá', 'progenitora']",['母親'],['어머니'],['ema'],"['äiti', 'äitiys', 'naispuolinen vanhempi']","['moeder', 'moederschap', 'moes', 'moesje', 'moederlief', 'mam', 'mama', 'ma', 'mammie', 'moe']",['माता'],mother,"['maternità', 'madre', 'mamma', 'genitrice']","['maa', 'mata', 'aama', 'ammaa']","['ammamma', 'amma', 'thayamma']","['pen', 'ammai', 'thaai']","['ammamma', 'alla', 'taayamma', 'matha']","['maa', 'aama', 'mata']","['അമ്മ', 'മാതാവ്', 'അമ്മേ']","['தாய்', 'அம்மா', 'தாயு', 'தந்தை', 'அன்னை']","['తల్లి', 'అమ్మ', 'తండ్రి', 'మాతృ', 'ఆత్మ']","['માતા', 'મા', 'માઁ', 'માતાજી', 'મારા']"
"['levant', 'est', 'orient']","['Ost', 'Osten']","['восто́к', 'восхо́д', 'восток', 'ост']","['E', 'eastward', 'east', 'due east']","['东', '東方', '東', '东方']","['este', 'levante', 'oriente']","['東', '東方']","['동쪽', '새', '동']","['idakaar', 'ida', 'Ida']","['itä', 'I']","['oosten', 'oost']","['पूर्व', 'पूरब', 'पूर्वा', 'मशरिक', 'पूब', 'शर्क']",east,"['oriente', 'est', 'levante', 'E']","['purv', 'uday', 'dakshin']",['purvath'],['kizhakku'],"['purvamu', 'poovvu']",['purv'],"['पूर्व', 'കിഴക്ക്']","['கிழக்கு', 'வடகிழக்கு', 'வடக்கு']","['पूर्व', 'తూర్పు', 'ఆగ్నేయ']","['पूर्व', 'ઉત્તર-પૂર્વ']"
"['langue', 'langage', 'langage humain', 'patois', 'dialecte', 'accent', 'idiome']","['Zunge', 'Sprache', 'menschliche Sprache', 'Einzelsprache', 'Akzent', 'Idiom', 'Dialekt', 'Ausdrucksweise', 'Mundart']","['язык', 'язы́к', 'речь', 'диалект', 'акцент', 'го́вор', 'диале́кт', 'наре́чие', 'идио́м']","['language', 'human language', 'linguistic communication', 'dialect', 'accent', 'idiom']","['话', '語言', '语言', '言语', '言語', '話', '口音', '方言', '土语', '一群人使用的特定的词汇']","['lengua', 'idioma', 'lenguaje', 'comunicación lingüística', 'dialecto', 'acento']","['言語', '個別言語', '言葉', '-弁', '方言', '訛り', 'アクセント']","['언어', '말', '개개의 언어', '어법', '사투리', '방언', '악센트']","['keel', 'murre', 'aktsent', 'Aktsent']","['kieli', 'kielellinen kommunikaatio', 'murre', 'korostus', 'Korostus', 'aluemurre', 'kielimuunnos']","['taal', 'spraak', 'tong', 'mondaard', 'dialect', 'Tongval', 'tongval', 'streektaal', 'accent', 'patois']","['ज़बान', 'भाषा', 'ज़ुबान', 'भासा', 'लिसान', 'भाष', 'वाणी', 'भाखा', 'बोली', 'उपभाषा', 'उच्चारण', 'लहजा']",speech,"['lingua', 'linguaggio', 'idioma', 'dialetto', 'accento', 'vernacolo', 'parlata']","['vaani', 'updes', 'bhashan', 'katha', 'sankalp']","['vaachaka', 'vaakku', 'sangeetham', 'padam', 'vacanam']","['valarchi', 'paṭṭu', 'vaṇṇam', 'kural', 'sēri']","['vacanam', 'vaakya', 'pravachanam', 'bhashanam', 'anuvadham']","['vachan', 'bhasha', 'vyakhyan', 'samvaad', 'pratibha']","['സംസാരം', 'പ്രസംഗം', 'വാക്', 'വചനം', 'പ്രകാശം']","['பேச்சு', 'உரையாற்றல்', 'சொற்பொழிவு', 'வாக்கு', 'சொல்லுரை']","['వాక్', 'ప్రసంగం', 'ఉపన్యాసం', 'ప్రకటన', 'మాట']","['ભાષણ', 'વાક્ય', 'ઉપદેશ', 'સંદેશ', 'પ્રવચન']"
['tour'],['Turm'],"['вышка', 'башня', 'ба́шня']",['tower'],"['塔', '塔樓', '樓臺', '楼台', '楼阁', '塔楼', '樓閣', '塔式建築']",['torre'],['タワー'],['탑'],['torn'],['torni'],['toren'],['बुर्ज'],tower,['torre'],"['minar', 'burj']","['thodakam', 'kovil', 'veedhi', 'peedika', 'thara']","['kūṟai', 'vīra', 'kūṭam', 'pālai', 'vīra']","['gopuram', 'burj', 'taram', 'veedhi', 'sthambham']","['shingada', 'burj']","['പള്ളി', 'കൊട്ടാരം', 'മണിമണ്ഡപം', 'കുടീരം', 'തൂവർ']","['மணியகம்', 'கோபுரம்', 'கட்டிடம்', 'மாட', 'உயரம்']","['మనోరా', 'బిల్డింగ్', 'గుంపు', 'కొండ', 'దుర్గా']","['મિનાર', 'શિખર', 'બિલ્ડિંગ', 'ટાવર', 'ઉંચો ભાગ']"
"['homme', 'mec', 'type', 'gars', 'bonhomme']","['Mann', 'Kerl', 'Herr', 'Mannsbild', 'Mannsperson']",['мужчина'],"['male', 'man', 'adult male']","['男', '人', '男人', '男性']","['hombre', 'varón', 'hombre adulto']","['男の人', '男性']","['남자 사람', '남성']",['mees'],"['mies', 'aikuinen mies']","['baas', 'jongen', 'man', 'pief', 'gast', 'heer', 'vent', 'kerel', 'manspersoon', 'mannetje', 'klant', 'broger', 'meneer', 'basserool', 'heerschap', 'mens', 'pik', 'knaap']",['पुरुष'],male,"['uomo', 'maschio']","['purush', 'aadmi', 'nar', 'mard']","['purushan', 'aadharavam']","['purushan', 'man', 'aal']","['purusha', 'purushudu', 'mahila']","['purush', 'nan', 'mahila', 'patni', 'balak']","['पुरुष', 'പുരുഷൻ', 'ആണു']","['ஆண்', 'இரண்', 'மகன்']","['పురుషుడు', 'మగవాడు', 'ఆడవాడు']","['पुरुष', 'પુરુષ', 'યુવક']"
['électricité'],['Elektrizität'],['электричество'],['electricity'],"['电', '电力', '电气', '電力', '電氣', '电能', '電能', '電']",['electricidad'],['電気'],['전기'],"['elektrienergia', 'elekter']",['sähkö'],['elektriciteit'],"['बिजली', 'विद्युत शक्ति', 'विद्युत']",electric,['elettricità'],"['electric', 'bijli', 'vishwakarma', 'pravaha']","['vidyutha', 'bijuli']","['elekṭrik', 'kōṭṭi', 'vaṭṭi']","['bijulika', 'vaidyutika', 'vaidyut']","['bijali', 'vaidyutik', 'jyoti', 'pravaha', 'vijay']","['വൈദ്യുതി', 'പ്രകാശ', 'ഇലക്ട്രിക്']","['தொடர்ச்சியான', 'மின்னல்', 'மின்னும்', 'மின்சாரம்', 'மின்னணு']","['వైద్యుత్', 'విద్యుత్', 'ప్రాణవాయువు']","['વિદ્યુત', 'વિજયુત', 'જાળ', 'પ્રવાહ', 'બિજલી']"
"['encadrement de porte', 'porte', 'portière', 'huis', 'ménage', 'foyer', 'famille']","['Türfutter', 'Türrahmen', 'Tor', 'Türzarge', 'Türen', 'Tür', 'Türe', 'Haushalt', 'Privathaushalt']","['две́ри', 'дверь', 'семья', 'Домашнее хозяйство', 'домохозяйство']","['door case', 'doorcase', 'door', 'door frame', 'doorway', 'doorframe', 'household', 'family', 'home', 'menage', 'house', 'private household']","['户', '戶', '門', '门', '门儿', '門兒', '門扉', '一家人', '家庭', '人家', '家人', '家庭成员', '家族']","['puerta', 'marco de puerta', 'seguro', 'núcleo familiar', 'familia', 'casa', 'hogar', 'menaje']","['門', 'ドア', '扉', '戸', '戸口', '世帯']","['문', '세대']","['uks', 'majapidamine', 'Majapidamine']","['ovi', 'talous', 'kotitalous', 'suku', 'ruokakunta', 'perhekunta', 'perhe']","['poort', 'portier', 'deur', 'huishouden', 'huisgezin', 'familie', 'huishouding', 'gezin']","['द्वार', 'दरवाज़ा', 'दर', 'प्रवेश', 'दरवाजा']",household,"['telaio della porta', 'porta', 'portiera', 'uscio', 'sportello', 'nucleo familiare', 'famiglia', 'casa']","['ghar', 'parivar', 'grih', 'kula', 'gharana']","['valarppaadu', 'griham', 'kudikku', 'thara', 'kudi']","['valarppaṭai', 'kuṭṭam', 'veṭṭi', 'il', 'thāyagam']","['griha', 'gharana', 'kulam', 'parivaraku', 'vasthu']","['ghar', 'gharana', 'parivar', 'griha', 'vas']","['കുടുംബം', 'വീട്', 'വസതി', 'കുടുംബാംഗങ്ങൾ', 'കുടുംബ']","['வீட்டு', 'குடும்பம்', 'குடும்பம்', 'வீட்டுப் பொருட்கள்', 'குடியிருப்பு']","['గృహము', 'ఇంటి', 'కుటుంబం', 'ఇళ్ళు']","['ઘર', 'પરિવાર', 'કુટુંબ']"
"['humain', 'homme', 'être humain', 'Homo', 'homo', 'Homo sapiens sapiens', 'homo sapiens sapiens', 'peuple', 'gens', 'mec', 'type', 'gars', 'bonhomme', 'mortel', 'personne', ""quelqu'un"", 'individu']","['Mensch', 'Hominid', 'Homo', 'Homo sapiens sapiens', 'Leute', 'Volk', 'Mann', 'Kerl', 'Herr', 'Mannsbild', 'Mannsperson', 'Sterbliche', 'Jemand', 'Person', 'Sterblicher', 'Individuum']","['человек', 'Люди', 'Homo sapiens sapiens', 'люди', 'народ', 'наро́д', 'на́ция', 'мужчина', 'ли́чность', 'индивид', 'челове́к', 'личность', 'индиви́дуум', 'персо́на', 'осо́ба', 'физи́ческое лицо́']","['homo', 'human being', 'hominid', 'human', 'man', 'Homo', 'Homo sapiens sapiens', 'people', 'male', 'adult male', 'someone', 'mortal', 'individual', 'person', 'somebody', 'soul']","['人', '现代人', '智人', '現代人', '人类', '人類', 'Homo sapiens sapiens', '人屬', '人属', 'Homo sapiens', '國民', '人民', '国民', '民族', '人士', '人们', '男人', '男性', '灵魂', '某人', '个人', '凡人', '个体', '個人']","['ser humano', 'hombre', 'humano', 'Homo', 'Homo sapiens sapiens', 'humanidad', 'humana', 'homo', 'pueblo', 'gente', 'personas', 'varón', 'hombre adulto', 'ser', 'persona', 'mortal', 'individuo', 'alguno', 'alma', 'alguien']","['人間', 'ホモ・サピエンス・サピエンス', 'ヒト属', 'ヒト', '人民', '国民', '民族', '男の人', '男性', '個人', '者', '方', '人物']","['호모 사피엔스 사피엔스', '사람', '사람속', 'Homo sapiens', '인민', '민족', '국민', '남자 사람', '남성', '분', '인격체', '인']","['inimene', 'Inimene', 'Homo sapiens sapiens', 'rahvas', 'mees', 'isik', 'indiviid']","['ihminen', 'ihmiset', 'Homo sapiens sapiens', 'kansa', 'väestö', 'mies', 'aikuinen mies', 'henkilö', 'yksilö', 'luonnollinen henkilö', 'persoona']","['homo sapiens', 'ziel', 'wereldburger', 'mensenkind', 'sterveling', 'mens', 'mensachtige', 'Homo', 'Homo sapiens sapiens', 'volk', 'bevoling', 'personen', 'lui', 'ik begrijp het niet', 'mensen', 'baas', 'jongen', 'man', 'pief', 'gast', 'heer', 'vent', 'kerel', 'manspersoon', 'mannetje', 'klant', 'broger', 'meneer', 'basserool', 'heerschap', 'pik', 'knaap', 'iemand', 'persoon', 'individu', 'figuur', 'deze of gene']","['मनुष्य', 'होमो', 'Homo sapiens', 'ईनसान', 'समाज', 'लोग', 'पुरुष', 'व्यक्ति', 'लोक', 'ज़ात', 'मानव', 'शख़्स', 'जन', 'शख्स', 'आदम', 'मानस']",person,"['uomo', 'essere umano', 'Homo', 'Homo sapiens sapiens', 'umano', 'nazione', 'popolo', 'persona', 'gente', 'popolazione', 'maschio', 'individuo', 'mortale', 'anima', 'singolo', 'soggetto']","['insaan', 'aadmi', 'purush', 'aurat', 'vyakti']","['mannushyan', 'aadmi', 'avakashi', 'janam', 'pakshi']","['manithan', 'arivu', 'periya', 'avalo', 'paati']","['manushyudu', 'prajapathi', 'purusha', 'aadmi', 'jeevulu']","['insan', 'aadmi', 'purush', 'stri', 'lokn']","['പുരുഷൻ', 'സ്ത്രീ', 'മനുഷ്യൻ', 'വ്യക്തി', 'ആൾ']","['நபர்', 'மனிதன்', 'ஆள்', 'நபர்', 'மக்கள்']","['వ్యక్తి', 'మనిషి', 'వారి', 'వాడు', 'వాళ్ళు']","['व्यक्ति', 'માણસ', 'વ્યક્તિ', 'વ્યક્તિ']"
"['fonctionnaire', 'haut fonctionnaire', 'haute fonction publique', 'cadre']","['Beambte', 'Funktionärin', 'Sachbearbeiter', 'Beamter', 'leitender Beamter', 'Beamtin', 'Funktionär']","['чино́вник', 'должностно́е лицо́', 'официа́льное лицо́', 'должностное лицо', 'слу́жащий', 'функционе́р', 'чино́вница']","['official', 'functionary']","['官', '官員', '公务员', '官员', '公務員', '职员', '做负责人或行使特殊使命的人']","['funcionaria pública', 'funcionario público', 'oficial', 'funcionario', 'funcionaria', 'alto cargo']","['役員', '職員', '役人', '公務員']","['직원', '공무원']",['ametnik'],"['toimitsija', 'toimihenkilö', 'viranomainen', 'virkamies', 'virkailija']","['ambtenaar', 'functionaris', 'beambte']",['अधिकारी'],official,"['funzionario', 'funzionario pubblico', 'pubblico ufficiale', 'ufficiale', 'magistrato', 'uffiziale', 'uficiale', 'ufiziale']","['official', 'karamchari', 'prashasanik', 'sarkari', 'niyukt']","['sarkari', 'vidhi', 'pramaanika', 'adhikarin', 'karyavah']","['oﬃcial', 'sarkārī', 'vazhvuthu', 'pūndhi', 'vazhvuthu']","['sarkari', 'pravarthaka', 'adhikarin', 'vidhi', 'niyama']","['official', 'sarkari', 'prashasanik', 'karyavah', 'niyamit']","['അധികാരി', 'ഔദ്യോഗിക', 'സർക്കാർ']","['அலுவலர்', 'அதிகாரி', 'அரச அதிகாரி', 'ஆட்சியாளர்', 'பதவி']","['అధికారికం', 'ప్రభుత్వ', 'అధికారు']","['અધિકારી', 'સત્તાવાર', 'નિયમિત', 'રજીસ્ટર્ડ', 'સરકારી']"
"['saison estivale', ""saison d'été"", 'période estivale', 'été']","['Sommersaison', 'Sommerzeit', 'Sommer']","['ле́то', 'ле́тнее вре́мя года', 'лето', 'ле́тний сезо́н']","['summertime', 'summer season', 'summer']","['夏', '夏季', '夏天']","['estación veraniega', 'estación estival', 'estación de verano', 'verano', 'estío']",['夏時'],['여름'],['suvi'],"['kesä', 'kesäaika']","['zomer', 'zomerseizoen', 'zomertijd']",['ग्रीष्म ऋतु'],summer,"['stagione estiva', 'estate']","['grishma', 'varsha', 'uttarayan']",['visrjam'],['kaalam'],"['vasartham', 'grishma', 'uttarayana', 'simha masam', 'udayam']","['grishma', 'varsha', 'uttarayan', 'garmi']","['വേനൽ', 'ചൂട്', 'സൂര്യകാന്തി']","['வ zomer', 'வெப்பம்', 'கோடை']","['గ్రీష్మకాలం', 'వేసవి', 'వేసవికాలం']","['ગરમી', 'ઉનાળો', 'વર્ષાઋતુ']"
