lang,word_original,word_translation,blank_prompt_translation_masked
ml,book,"പുസ്തകം, ഗ്രന്ഥം, പാഠപുസ്തകം, നോൾ, ഗ്രംഥം","ഒരു ""___"" കഥകൾ വായിക്കാൻ ഉപയോഗിക്കുന്നു. ഉത്തരം: ""പുസ്തകം""."
ml,cloud,"മേഘം, അഭ്രം, ജലാവി, വാതില്യം, നീഹാരിക","ഒരു ""___"" അന്തരീക്ഷത്തിൽ സഞ്ചരിക്കുന്ന സാന്ദ്രീകൃത ജലബാഷ്പത്തിന്റെ ദൃശ്യമായ പിണ്ഡമാണ്. ഉത്തരം: ""മേഘം""."
ml,bag,"സഞ്ചി, പെട്ടി, കിട്ടി, പുത്ത, പൈക്ക്","ഒരു ""___"" വസ്തുക്കൾ വഹിക്കാൻ ഉപയോഗിക്കുന്നു. ഉത്തരം: ""ബാഗ്""."
ml,mouth,"വായ, മുഖം, താടി, ചുണ്ട്","ഒരു ""___"" ഭക്ഷണം കഴിക്കാനും സംസാരിക്കാനും ഉപയോഗിക്കുന്നു. ഉത്തരം: ""വായ""."
ml,soil,"മണ്ണ്, പൊടി, ഭൂമി, പുഴുക്ക, തരിസ്","മരങ്ങളും വിളകളും നടുന്നതിന് ""മണ്ണ്"" ഉപയോഗിക്കുന്നു. ഉത്തരം: ""മണ്ണ്""."
ml,mountain,"കൊടുമുടി, മല, പർവതം, കുന്ന്, പർവതം","ഒരു ""___"" ഭൂമിയുടെ ഉപരിതലത്തിന്റെ ഒരു വലിയ പ്രകൃതിദത്ത ഉയർന്ന ഭാഗമാണ്. ഉത്തരം: ""കൊടുമുടി""."
ml,cloth,"തുണി, വസ്ത്രം, ആടൈ, പട്ട്, കാപ്രി","ഒരു ""___"" ഉപരിതലങ്ങൾ വൃത്തിയാക്കാനോ ശരീരങ്ങൾ മറയ്ക്കാനോ ഉപയോഗിക്കുന്നു. ഉത്തരം: ""തുണി""."
ml,heart,"ഹൃദയം, ഹൃദയ, മനസ്സ്, ചിത്തം, മനം","ഒരു ""___"" ശരീരത്തിലുടനീളം രക്തം പമ്പ് ചെയ്യുന്ന അവയവമാണ്. ഉത്തരം: ""ഹൃദയം""."
ml,hand,"കൈ, കരം, വല, അസ്തം, പാണി","ഒരു ""___"" വസ്തുക്കളെ പിടിക്കാനോ പിടിച്ചു നിർത്താനോ ഉപയോഗിക്കുന്നു. ഉത്തരം: ""കൈ""."
ml,day,"ദിനം, പകൽ, ദിവസം, നാൾ, തിങ്കൾ","ഒരു ""___"" 24 മണിക്കൂറിന്റെ ഒരു കാലയളവാണ്, പലപ്പോഴും ഭൂമി ഒരു ഭ്രമണം പൂർത്തിയാക്കാൻ എടുക്കുന്ന സമയമായി മനസ്സിലാക്കുന്നു. ഉത്തരം: ""ദിവസം""."
ml,star,"നക്ഷത്രം, താരം, പ്രകാശം, ജ്യോതിർ, നക്ഷത്രം","ഒരു ""___"" എന്നത് രാത്രി ആകാശത്തിൽ പ്രകാശിക്കുന്ന ഒരു ആകാശ വസ്തുവാണ്. ഉത്തരം: ""നക്ഷത്രം""."
ml,spring,"വസന്തം, മുതൽക്കൂട്, വസന്തകാലം, പുഷ്പം, സ്പ്രിംഗ്","ഒരു ""___"" ഒരു ഉപകരണമാണ്, അത് യാന്ത്രിക ഊർജ്ജം സംഭരിക്കുന്നു, അത് അമർത്തുകയോ വലിച്ചുനീട്ടുകയോ ചെയ്യാം. ഉത്തരം: ""സ്പ്രിംഗ്""."
ml,moon,"ചന്ദ്രൻ, തിങ്കൾ, നിലാവ്, ചാന്ദ്രിക, നിലവ്","ഒരു ""___"" ഒരു ഗ്രഹത്തിന് ചുറ്റും പരിക്രമണം ചെയ്യുന്ന ഒരു പ്രകൃതിദത്ത ഉപഗ്രഹമാണ്. ഉത്തരം: ""ചന്ദ്രൻ""."
ml,wood,"മരം, തടി, കട്ടை, വൻമരം, തിട്ട്","ഒരു ""___"" ഫർണിച്ചർ ഉണ്ടാക്കാൻ ഉപയോഗിക്കുന്നു. ഉത്തരം: ""മരം""."
ml,village,"ഗ്രാമം, പട്ടണം, നഗരം, പഞ്ചായത്ത്, ദേശം","ഒരു ""___"" ഗ്രാമീണ പ്രദേശത്തെ ഒരു ചെറിയ സമൂഹമോ വീടുകളുടെ ഒരു ഗ്രൂപ്പോ ആണ്. ഉത്തരം: ""ഗ്രാമം""."
ml,forest,"കാട്, വനം, അരണ്യം, തടവ്, പന്തലം","ഒരു ""___"" മരങ്ങളും അടിവളർച്ചയും പ്രധാനമായും മൂടിയ വലിയ പ്രദേശമാണ്. ഉത്തരം: ""കാട്""."
ml,fruit,"പഴം, ഫലം, കായ, പൂവ, ചാറ","ഒരു ""___"" ഒരു തരം ഭക്ഷണമാണ്, പലപ്പോഴും മധുരമാണ്, ഒരു സസ്യത്തിൽ നിന്നാണ് ലഭിക്കുന്നത്. ഉത്തരം: ""പഴം""."
ml,grid,"ജാലകം, ശൃംഖല, ഗ്രിഡ്, ജാലിക, വലയം","ഒരു ""___"" ചതുരങ്ങളോ ദീർഘചതുരങ്ങളോ രൂപപ്പെടുത്തുന്നതിനായി പരസ്പരം മുറിച്ചുകടക്കുന്ന വരികളുടെ ഒരു ശൃംഖലയാണ്. ഉത്തരം: ""ഗ്രിഡ്""."
ml,song,"ഗാനം, പാട്ട്, സംഗീതം, രാഗം, ഭജനം","ഒരു ""___"" വാക്കുകളുള്ള ഒരു സംഗീത ഭാഗമാണ്, അത് പാടുന്നു. ഉത്തരം: ""ഗാനം""."
ml,water,"ജലം, വെള്ളം, നീര്, പാനി, തണ്ണീര്","ഒരു ""___"" ജീവിതത്തിന് അത്യന്താപേക്ഷിതമാണ്, കുടിക്കുന്നതിനും ക്ലീനിംഗിനും ഉപയോഗിക്കുന്നു. ഉത്തരം: ""വെള്ളം""."
ml,pond,"കുളം, തടാകം, ചെറുകുളം, കയം, ജലാശയം","ഒരു ""___"" നിശ്ചലമായ ജലത്തിന്റെ ഒരു ചെറിയ ശരീരമാണ്. ഉത്തരം: ""കുളം""."
ml,sand,"മണ്ണ്, പൊടി, ചരൽ, മരംപൊടി, പലുകയ്","കോട്ടകൾ നിർമ്മിക്കാൻ ബീച്ചിൽ ""___"" ഉപയോഗിക്കുന്നു. ഉത്തരം: ""മണൽ""."
ml,river,"നദി, അരുവി, തോട്, കായൽ, ജലം","ഒരു ""___"" സാധാരണയായി കടലിലോ സമുദ്രത്തിലോ ഒഴുകിച്ചേരുന്ന വെള്ളത്തിന്റെ വലിയ ഒഴുക്കുള്ള ശരീരമാണ്. ഉത്തരം: ""നദി""."
ml,law,"നിയമം, ചട്ടം, ക്രമം, വിധി, ശാസനം","ഒരു "" ___"" എന്നത് കുറ്റകൃത്യങ്ങൾ, കരാറുകൾ, സാമൂഹിക ബന്ധങ്ങൾ എന്നിവ നിയന്ത്രിക്കാൻ ഒരു സമൂഹമോ ഭരണകൂടമോ രൂപീകരിക്കുന്ന നിയമ സമ്പ്രദായമാണ്. ഉത്തരം: ""നിയമം""."
ml,wave,"തരംഗം, കാറ്റ്, അല, തിര, ചലനം","ഒരു ""___"" ദ്രവ്യമോ ബഹിരാകാശമോ ഇവയിലൂടെ ഊർജ്ജത്തെ കൈമാറ്റം ചെയ്യുന്ന ഒരു കുഴപ്പമാണ്. ഉത്തരം: ""തരംഗം""."
ml,ocean,"സമുദ്രം, കടൽ, പെരുംകടൽ, കടലാഴം, ജലധി","ഒരു ""___"" ഭൂമിയുടെ ഉപരിതലത്തിന്റെ ഭൂരിഭാഗവും ഉൾക്കൊള്ളുന്ന ഉപ്പുവെള്ളത്തിന്റെ ഒരു വലിയ ശരീരമാണ്. ഉത്തരം: ""സമുദ്രം""."
ml,cave,"ഗുഹ, കുട്ടി, കോവണം, പാതാളം","ഒരു ""___"" ഒരു മനുഷ്യൻ പ്രവേശിക്കാൻ പര്യാപ്തമായ വലിപ്പമുള്ള ഒരു പ്രകൃതിദത്ത ഭൂഗർഭ സ്ഥലമാണ്. ഉത്തരം: ""ഗുഹ""."
ml,sea,"കടൽ, സമുദ്രം, പെരുംകടൽ, വാരി, ജലധി","ഒരു ""___"" ഒരു സമുദ്രത്തേക്കാൾ ചെറിയ ഉപ്പുവെള്ളത്തിന്റെ വലിയ ഒരു ശരീരമാണ്. ഉത്തരം: ""കടൽ""."
ml,lake,"തടാകം, കുളം, സരസ്സ്, ജലാശയം, കായൽ","ഒരു ""___"" ഭൂമിയാൽ ചുറ്റപ്പെട്ട വെള്ളത്തിന്റെ വലിയ ഒരു പ്രദേശമാണ്. ഉത്തരം: ""തടാകം""."
ml,source,"ഉറവിടം, സ്രോതസ്സ്, ആധാരം, പ്രതിപാദ്യം, മൂലം","ഒരു ""___"" വിവരങ്ങൾ അല്ലെങ്കിൽ ഡേറ്റ നൽകുന്നതിനായി ഉപയോഗിക്കുന്നു. ഉത്തരം: ""സ്രോതസ്സ്""."
ml,fire,"തീ, അഗ്നി, ജ്വലനം, വാൽക്കരണം, അനലം","ഒരു ""___"" പാചകം ചെയ്യുന്നതിനും ചൂട് പ്രദാനം ചെയ്യുന്നതിനും ഉപയോഗിക്കുന്നു. ഉത്തരം: ""തീ""."
ml,point,"ബിന്ദു, സ്ഥാനം, കോണ്, പായിന്റ്, മുഖം","ഒരു ""___"" എന്നത് സ്ഥലത്തിലെ ഒരു നിര്ദ്ദിഷ്ട സ്ഥാനമാണ്. ഉത്തരം: ""പോയിന്റ്""."
ml,version,"പതിപ്പ്, വേര്ഷൻ, രൂപം, മോഡൽ, അവതരണം","ഒരു ""___"" എന്തെങ്കിലും ഒന്നിന്റെ വികാസത്തിലെ വ്യത്യസ്ത രൂപങ്ങളെയോ ഘട്ടങ്ങളെയോ സൂചിപ്പിക്കാൻ ഉപയോഗിക്കുന്നു. ഉത്തരം: ""പതിപ്പ്""."
ml,ball,"പന്ത്, ഗോളം, ഉരുണ്ട, ഗോളകം","ഒരു ""___"" ഫുട്ബോൾ, ബാസ്കറ്റ്ബോൾ തുടങ്ങിയ കായിക വിനോദങ്ങൾ കളിക്കാൻ ഉപയോഗിക്കുന്നു. ഉത്തരം: ""പന്ത്""."
ml,painting,"ചിത്രം, എഴുത്ത്, വര, തോറ്റം, രചന","ഒരു ""___"" ഒരു ചുമർചിത്രമാണ്. ഉത്തരം: ""പെയിന്റിംഗ്""."
ml,station,"സ്റ്റേഷൻ, നിലയം, സ്ഥലം, ഇടം, കേന്ദ്രം","ഒരു ""___"" എന്നത് യാത്രക്കാർക്ക് കയറാനോ ഇറങ്ങാനോ സാധിക്കുന്നതിനായി തീവണ്ടികളോ ബസുകളോ സാധാരണയായി നിർത്തുന്ന ഒരു സ്ഥലമാണ്. ഉത്തരം: ""സ്റ്റേഷൻ""."
ml,rice,"അരി, ചോറ്, നെല്ല്, പച്ചരി, ധാന്യം","ഒരു ""___"" പാചകത്തിൽ സാധാരണയായി ഉപയോഗിക്കുന്ന ധാന്യമാണ്, നിരവധി രാജ്യങ്ങളിൽ ഇത് ഒരു പ്രധാന ഭക്ഷ്യവിഭവമാണ്. ഉത്തരം: ""അരി""."
ml,red,"ചുവപ്പ്, രക്ത, രോഷ, തിക്തം, രാക്തം","ഒരു ""___"" പ്രേമവും ആവേശവുമായി പലപ്പോഴും ബന്ധപ്പെട്ടിരിക്കുന്ന ഒരു നിറമാണ്. ഉത്തരം: ""ചുവപ്പ്""."
ml,line,"രേഖ, വര, പങ്ക്, കോട്, നിര","ഒരു ""___"" എന്നത് ഒരു പേന, പെൻസിൽ, അല്ലെങ്കിൽ ബ്രഷ് ഉപയോഗിച്ച് ഉണ്ടാക്കിയ ഒരു ഇടുങ്ങിയ തുടർച്ചയായ അടയാളമാണ്. ഉത്തരം: ""വര""."
ml,net,"വല, ജാലം, വലയം, ജാലകം, നെറ്റ്","ഒരു ""___"" വോളിബോൾ, ടെന്നീസ് തുടങ്ങിയ കായിക വിനോദങ്ങളിൽ കളിസ്ഥലം വിഭജിക്കാൻ ഉപയോഗിക്കുന്നു. ഉത്തരം: ""നെറ്റ്""."
ml,flower,"പൂവ്, പുഷ്പം, നറ്റം, പൊക്കം, ആരം","ഒരു ""___"" പലപ്പോഴും സമ്മാനമായി നൽകുകയും പൂന്തോട്ടങ്ങളിൽ കണ്ടെത്താനാകുകയും ചെയ്യുന്നു. ഉത്തരം: ""പൂവ്""."
ml,tea,"ചായ, തേയില, കപ്പ്, പാനിയം, മധുരപാനിയം","ഒരു ""___"" വിശ്രമത്തിനോ ചൂടിനോ വേണ്ടി പലപ്പോഴും കഴിക്കുന്ന ഒരു പാനീയമാണ്. ഉത്തരം: ""ടീ""."
ml,foot,"കാൽ, പാദം, പാദസം, അടി, ചരണം","നടത്തത്തിനും ഓട്ടത്തിനും ഒരു ""___"" ഉപയോഗിക്കുന്നു. ഉത്തരം: ""കാൽ""."
ml,gold,"സ്വർണ്ണം, പൊന്ന്, സോനാ, കനകം, പസിയോൻ","ഒരു ""___"" ആഭരണങ്ങളിൽ പലപ്പോഴും ഉപയോഗിക്കുന്ന ഒരു വിലയേറിയ ലോഹമാണ്. ഉത്തരം: ""സ്വർണ്ണം""."
ml,door,"വാതിൽ, കവാടം, ജാലകം, പടിപ്പുര, പ്രവേശനകവാടം","ഒരു മുറിയിൽ പ്രവേശിക്കുന്നതിനോ പുറത്തുപോകുന്നതിനോ ഒരു """"___"""" ഉപയോഗിക്കുന്നു. ഉത്തരം: ""വാതിൽ""."
ml,snow,"മഞ്ഞ്, തുഷാരം, ഹിമം, അരുവി, മണിമഞ്ഞ്","ഒരു ""___"" ശൈത്യകാലത്ത് ആകാശത്തുനിന്നും വീഴുന്ന മഴയുടെ ഒരു രൂപമാണ്. ഉത്തരം: ""മഞ്ഞ്""."
ml,horse,"കുതിര, കുതിരപ്പക്ഷി, അശ്വം, വാഹനം, കൂടാരം","ഒരു ""___"" നാല് കാലുകളുള്ള ഒരു വലിയ വളർത്തുമൃഗമാണ്, സാധാരണയായി സവാരി ചെയ്യാനും മത്സരത്തിനും ഉപയോഗിക്കുന്നു. ഉത്തരം: ""കുതിര""."
ml,one,"ഒന്ന്, ഏകം, ഒരു, ഏക, തനി","ഒരു ""___"" പൂജ്യത്തിനും രണ്ടിനും ഇടയിൽ വരുന്ന ഒരു സംഖ്യയാണ്. ഉത്തരം: ""ഒന്ന്""."
ml,two,"രണ്ട്, ഇരണ്ട്, ദ്വി, ജോടി","സംഖ്യ ""___"" എന്നത് ഒന്ന് പ്ലസ് ഒന്നിന്റെ തുകയാണ്. ഉത്തരം: ""രണ്ട്""."
ml,three,"മൂന്ന്, ത്രയം, മുച്ചായം, തിനാൽ","രണ്ടിന് ശേഷം വരുന്ന സംഖ്യ ""___"" ആണ്. ഉത്തരം: ""മൂന്ന്""."
ml,four,"നാല്, ചതുര്, ചതുരം, നാലുക, ചതുര്ന്നം","സംഖ്യ ""___"" മൂന്നിന് ശേഷം വരുന്ന പൂർണ്ണസംഖ്യയാണ്. ഉത്തരം: ""നാല്""."
ml,five,"അഞ്ച്, പഞ്ച, പാഞ്ച്","നാലിന് ശേഷം വരുന്ന സംഖ്യ ""___"" ആണ്. ഉത്തരം: ""അഞ്ച്""."
ml,six,ആറ്,"അഞ്ചിന് ശേഷം വരുന്ന സംഖ്യ ""___"" ആണ്. ഉത്തരം: ""ആറ്""."
ml,seven,"ഏഴ്, സപ്തം","എണ് ""___"" ആറിന് ശേഷം വരുന്നു. ഉത്തരം: ""ഏഴ്""."
ml,eight,"എട്ട്, അഷ്ട","ഏഴിന് ശേഷം വരുന്ന സംഖ്യ ""___"" ആണ്. ഉത്തരം: ""എട്ട്""."
ml,nine,"ഒമ്പത്, നവം, നയം, നവമം, നവംഗം","എട്ടിന് ശേഷം വരുന്ന സംഖ്യ ""___"" ആണ്. ഉത്തരം: ""ഒമ്പത്""."
ml,ten,"പത്ത്, ദശ, ദശകം","ഒമ്പതിന് ശേഷം വരുന്ന സംഖ്യ ""___"" ആണ്. ഉത്തരം: ""പത്ത്""."
ml,head,"തല, ശിരസ്സ്, മുഖം, മേൽഭാഗം, മുന്നിൽ","ഒരു ""___"" തലച്ചോറ്, കണ്ണുകൾ, ചെവികൾ, മൂക്ക്, വായ എന്നിവയുടെ ഭാഗമായ ശരീരത്തിന്റെ ഭാഗമാണ്. ഉത്തരം: ""തല""."
ml,shop,"കട, സ്റ്റോർ, പലിശ, വിലപ്പകട, അങ്ങാടി","ഒരു ""___"" എന്നത് സാധനങ്ങൾ അല്ലെങ്കിൽ സേവനങ്ങൾ വാങ്ങാൻ കഴിയുന്ന ഒരു സ്ഥലമാണ്. ഉത്തരം: ""കട""."
ml,strip,"പട്ട, വര, പാട്ട, തീപ്പട്ട, നാട","ഒരു ""___"" ഒരു നിശ്ചിത വസ്തുവിന്റെ ഒരു ദീർഘവും ഇടുങ്ങിയതുമായ ഭാഗമാണ്. ഉത്തരം: ""സ്ട്രിപ്പ്""."
ml,street,"തെരുവ്, വഴി, റോഡ്, പാത, നഗരം","ഒരു ""___"" ഒരു നഗരം, പട്ടണം, അല്ലെങ്കിൽ ഗ്രാമത്തിലെ ഒരു പൊതു റോഡാണ്. ഉത്തരം: ""തെരുവ്""."
ml,part,"ഭാഗം, ഘടകം, അംശം, അവയവം, പങ്ക്","ഒരു ""ഭാഗം"" മുഴുവൻ ഉണ്ടാക്കാൻ ഉപയോഗിക്കുന്നു. ഉത്തരം: ""ഭാഗം""."
ml,eye,"കണ്ണ്, നേത്രം, അക്ഷി, ചക്ഷു, പീലി","ഒരു ""___"" നമ്മൾ ചുറ്റും എല്ലാം കാണാൻ ഉപയോഗിക്കുന്നു. ഉത്തരം: ""കണ്ണ്""."
ml,field,"മൈതാനം, പാടം, സ്ഥലം, പ്രദേശം, തിട്ടം","ഒരു ""___"" പാടങ്ങൾ നട്ടുവളർത്തുന്ന തുറന്ന ഭൂമിയുടെ വിശാലമായ പ്രദേശമാണ്. ഉത്തരം: ""ഫീൽഡ്""."
ml,site,"സ്ഥലം, സൈറ്റ്, വെബ്സൈറ്റ്, സ്ഥാനം, ലൊക്കേഷൻ","ഒരു ""___"" എന്നത് ഒന്ന് ഉണ്ടായിരുന്നു, ഉണ്ടാകുന്നു, അല്ലെങ്കിൽ നിർമ്മിക്കപ്പെടുമെന്ന് പ്രതീക്ഷിക്കുന്ന സ്ഥലമാണ്. ഉത്തരം: ""സൈറ്റ്""."
ml,dance,"നൃത്തം, താളം, ചുവട്, ആട്ടം, തുള്ളല്","ഒരു ""___"" എന്നത് ശരീരത്തിന്റെ ചലനത്തെ ഉൾപ്പെടുത്തുന്ന കലയുടെ ഒരു രൂപമാണ്, സാധാരണയായി ലയബദ്ധവും സംഗീതത്തിനൊപ്പവുമാണ്. ഉത്തരം: ""നൃത്തം""."
ml,word,"വാക്ക്, പദം, ശബ്ദം, പ്രയോഗം, വ്യവഹാരം","ഒരു ""___"" എന്നത് വ്യക്തമായ അർത്ഥമുള്ള മൂലകമാണെന്ന്, മറ്റുള്ളവയോടൊപ്പം ഒരു വാക്യം നിർമ്മിക്കാൻ ഉപയോഗിക്കുന്നു. ഉത്തരം: ""വാക്ക്""."
ml,pair,"ജോടി, കൂട്ടം, ദംപതി, യുഗ്മം","ഒരു ""___"" എന്നത് ഒരുമിച്ച് ഉപയോഗിക്കുന്ന രണ്ട് കാര്യങ്ങളുടെ ഒരു സെറ്റാണ്. ഉത്തരം: ""ജോടി""."
ml,seat,"ഇരിപ്പിടം, ആസനം, സ്ഥാനം, സീറ്റ്","ഒരു ""___"" ഇരിക്കാനും വിശ്രമിക്കാനും ഉപയോഗിക്കുന്നു. ഉത്തരം: ""ഇരിപ്പിടം""."
ml,light,"പ്രകാശം, വെളിച്ചം, തീപ്പൊള്ള, ദീപം, ജ്വാല","ഇരുട്ടത്തെ പ്രകാശിപ്പിക്കാൻ ഒരു ""___"" ഉപയോഗിക്കുന്നു. ഉത്തരം: ""ലൈറ്റ്""."
ml,thousand,"ആയിരം, സഹസ്രം, വെള്ളുവീതി, അയുതം, സഹസ്രാംശു","ഒരു ""___"" എന്നത് ഒൻപത് നൂറ്റി തൊണ്ണൂറ്റി ഒൻപതിനു ശേഷം വരുന്ന ഒരു സംഖ്യാ വിലുവാണ്. ഉത്തരം: ""ആയിരം""."
ml,north,"വടക്ക്, ഉത്തരം","അത് """"വടക്ക്"""" എന്നത് തണുപ്പും ധ്രുവ പ്രദേശങ്ങളുമായി പലപ്പോഴും ബന്ധപ്പെട്ടിരിക്കുന്ന ഒരു പ്രധാന ദിശയാണ്. ഉത്തരം: ""വടക്ക്""."
ml,machine,"യന്ത്രം, മെഷീൻ, ഉപകരണം, വസ്തു, സംവിധാനം","ഒരു ""___"" ഒരു നിശ്ചിത ജോലി ചെയ്യാൻ അല്ലെങ്കിൽ എന്തെങ്കിലും ഉത്പാദിപ്പിക്കാൻ ഉപയോഗിക്കുന്നു. ഉത്തരം: ""യന്ത്രം""."
ml,time,"സമയം, കാലം, നേരം, തിരിവ്, അവസരം","ഒരു ""ക്ലോക്ക്"" ഉപയോഗിച്ച് ""___"" അളക്കാൻ ഉപയോഗിക്കുന്നു. ഉത്തരം: ""സമയം""."
ml,benefit,"പ്രയോജനം, ഗുണം, ലാഭം, അനുകൂലം, ഫലം","ഒരു ""___"" എന്നത് ആരോഗ്യത്തെ പ്രോത്സാഹിപ്പിക്കുകയോ മെച്ചപ്പെടുത്തുകയോ ചെയ്യുന്ന എന്തെങ്കിലുമാണ്. ഉത്തരം: ""പ്രയോജനം""."
ml,position,"സ്ഥാനം, സ്ഥാനി, അവസ്ഥ, നില, സ്ഥിതി","ഒരു ""___"" എന്നത് ഒരാൾ അല്ലെങ്കിൽ എന്തെങ്കിലും സ്ഥിതിചെയ്യുന്ന അല്ലെങ്കിൽ വയ്ക്കപ്പെട്ടിരിക്കുന്ന സ്ഥലമാണ്. ഉത്തരം: ""സ്ഥാനം""."
ml,province,"പ്രവിശ്യ, പ്രദേശം, രാജ്യം, നാട്, ദേശം","ഒരു ""___"" നിര്ദ്ദിഷ്ട രാജ്യങ്ങളുടെയോ സാമ്രാജ്യങ്ങളുടെയോ പ്രധാന ഭരണ വിഭാഗമാണ്. ഉത്തരം: ""പ്രവിശ്യ""."
ml,exchange,"കൈമാറ്റം, വിനിമയം, പരിവർത്തനം, മാറ്റം, രസീത്","ഒരു ""___"" എന്നത് സ്റ്റോക്കുകൾ, ബോണ്ടുകൾ, അല്ലെങ്കിൽ മറ്റ് സെക്യൂരിറ്റികൾ വാങ്ങുന്നതിനോ വിറക്കുന്നതിനോ ഉള്ള ഒരു സ്ഥലമാണ്. ഉത്തരം: ""എക്സ്ചേഞ്ച്""."
ml,middle,"മദ്ധ്യ, നടുക്ക്, ഇടയിൽ, മധ്യഭാഗം, മദ്ധ്യഭാഗം","ഏതെങ്കിലും ഒരു കാര്യത്തിന്റെ വശങ്ങളോ പുറം അതിർത്തികളോ അപേക്ഷിച്ച് തുല്യദൂരത്തിൽ കിടക്കുന്ന ബിന്ദുവാണ് ""___"". ഉത്തരം: ""മധ്യം""."
ml,friend,"സുഹൃത്ത്, ഉറ്റസുഹൃത്ത്, മിത്രം, സ്നേഹിതൻ","ഒരു ""___"" എന്നത് നിങ്ങൾ അടുത്ത വ്യക്തിപരമായ ബന്ധം പങ്കിടുന്ന ആരെങ്കിലും ആണ്. ഉത്തരം: ""സുഹൃത്ത്""."
ml,color,"നിറം, വർണ്ണം, ചായ, തിളക്കം, രംഗ്","ഒരു ""___"" വസ്തുക്കളുടെ രൂപം തിരിച്ചറിയാൻ അല്ലെങ്കിൽ വിവരിക്കാൻ ഉപയോഗിക്കുന്നു. ഉത്തരം: ""നിറം""."
ml,kind,"ദയ, സ്നേഹം, ജാഗ്രത, സൌഹൃദം, കരുണ","ഒരു ""___"" എന്നത് ഏതെങ്കിലും ഒരു വിഭാഗമോ തരമോ ആണ്. ഉത്തരം: ""തരം""."
ml,judge,"വിചാരകൻ, ന്യായാധിപൻ, മൊഴിമാറ്റം, വിലക്ക്, തീര്പ്പാകുന്നവൻ","ഒരു ""___"" എന്നത് ഒരു കോടതി വിചാരണകളുടെ മേൽനോട്ടം വഹിക്കുന്ന ഒരാളാണ്, ഒറ്റയ്ക്കോ ജഡ്ജിമാരുടെ ഒരു പാനലിന്റെ ഭാഗമായിരിക്കുന്നു. ഉത്തരം: ""ജഡ്ജ്""."
ml,school,"സ്കൂൾ, വിദ്യാലയം, പാഠശാല, വിദ്യാപീഠം","ഒരു ""___"" വിദ്യാർത്ഥികൾ പഠിക്കാൻ പോകുന്ന ഒരു സ്ഥലമാണ്. ഉത്തരം: ""സ്കൂൾ""."
ml,structure,"ഘടന, കാലിക, താങ്ങ്, ഫ്രെയിം, കെട്ടിപ്പടുക്കൽ","ഒരു ""___"" ഒരു നിർദ്ദിഷ്ട ഉദ്ദേശ്യമോ പ്രവർത്തനമോ ഉള്ള ഒരു നിർമ്മിതിയാണ്. ഉത്തരം: ""ഘടന""."
ml,tie,"ബന്ധം, കയർ, നൂൽ, താള്, ബന്ധനം","ഒരു ""ടൈ"" ഔപചാരിക വേഷത്തിന്റെ ഭാഗമായി കഴുത്തിൽ ധരിക്കുന്നു."
ml,example,"ഉദാഹരണം, ദൃഷ്ടാന്തം, മാതൃക, തെളിവ്, സാക്ഷ്യം","ഒരു ""ഉദാഹരണം"" ഒരു പോയിന്റ് അല്ലെങ്കിൽ സങ്കല്പം വിശദീകരിക്കാൻ ഉപയോഗിക്കുന്നു. ഉത്തരം: ""ഉദാഹരണം""."
ml,face,"മുഖം, മുഖത്ത്, മുഖപടം, വദനം, മുഖദർശനം","ഒരു ""___"" മുഖത്തിന്റെ മുന്നിലെ ഭാഗമാണ്, നെറ്റി, കണ്ണുകൾ, മൂക്ക്, വായ എന്നിവ ഉൾപ്പെടെ. ഉത്തരം: ""മുഖം""."
ml,bridge,"പാലം, സേതു, പൊന്ത്, വിതാനം","ഒരു ""___"" നദികൾ അല്ലെങ്കിൽ റോഡുകൾ പോലുള്ള തടസ്സങ്ങളാൽ വേർപെടുത്തിയിരിക്കുന്ന രണ്ട് പ്രദേശങ്ങളെ ബന്ധിപ്പിക്കാൻ ഉപയോഗിക്കുന്നു. ഉത്തരം: ""പാലം""."
ml,item,"വസ്തു, വിഭവം, പൊരുൾ, ലേഖം, പദാർത്ഥം","ഒരു ""___"" എന്നത് നിർദ്ദിഷ്ടമല്ലാത്തതോ തിരിച്ചറിയപ്പെടാത്തതോ ആയ ഒരു കാര്യമാണ്. ഉത്തരം: ""ഇനം""."
ml,delete,"ഇല്ലാതാക്കുക, മായ്ക്കുക, നീക്കംചെയ്യുക, കളയുക","ഒരു ""___"" വാക്കുകൾ അല്ലെങ്കിൽ വിവരങ്ങൾ നീക്കം ചെയ്യാൻ ഉപയോഗിക്കുന്നു. ഉത്തരം: ""ഇല്ലാതാക്കുക""."
ml,group,"സംഘം, സമൂഹം, കൂട്ടം, ടീം","ഒരു ""___"" എന്നത് ഒരുമിച്ച് സ്ഥിതി ചെയ്യുന്ന, ശേഖരിക്കുന്ന, അല്ലെങ്കിൽ ഒരുമിച്ച് തരംതിരിക്കുന്ന ആളുകളുടെയോ കാര്യങ്ങളുടെയോ ഒരു എണ്ണമാണ്. ഉത്തരം: ""ഗ്രൂപ്പ്""."
ml,talent,"പ്രതിഭ, കഴിവ്, കൈപ്പുണ്യം, സാമർത്ഥ്യം, വൈദഗ്ദ്ധ്യം","ഒരു ""___"" ഒരു സ്വാഭാവിക പ്രവണതയോ കഴിവോ ആണ്. ഉത്തരം: ""പ്രതിഭ""."
ml,beauty,"സൗന്ദര്യം, ഭദ്രത, ലാവണ്യം, രൂപം, ശോഭ","""""___"""" ഒരു സവിശേഷതയാണ്, ആനന്ദമോ തൃപ്തിയോ ഉണർത്തുന്ന അനുഭവം നൽകുന്നു. ഉത്തരം: ""സൗന്ദര്യം""."
ml,platform,"വേദിക, പടിഞ്ഞാറ്, മണ്ഡപം, വേദി, പ്ലാറ്റ്ഫോം","ഒരു ""പ്ലാറ്റ്ഫോം"" എന്നത് എന്തെങ്കിലും പിന്തുണയ്ക്കോ ഉയർത്തുന്നതിനോ ഉപയോഗിക്കുന്നു. ഉത്തരം: ""പ്ലാറ്റ്ഫോം""."
ml,house,"വീട്, ഗൃഹം, ഭവനം, മന്ദിരം, ആലയം","ഒരു ""___"" എന്നത് ആളുകൾ താമസിക്കുന്ന ഒരു സ്ഥലമാണ്. ഉത്തരം: ""വീട്""."
ml,sun,"സൂര്യൻ, സൂര്യ, രവി, ഭാനു, ദിനകരൻ","സൗരയൂഥത്തിന്റെ കേന്ദ്രത്തിലുള്ള ""___"" ഭൂമിയെ പ്രകാശവും താപവും നൽകുന്ന ഒരു നക്ഷത്രമാണ്. ഉത്തരം: ""സൂര്യൻ""."
ml,meeting,"യോഗം, സമ്മേളനം, സമാവേശം, സഭ, സമ്മേളനം","ഒരു ""___"" എന്നത് ഒരു പ്രത്യേക ഉദ്ദേശ്യത്തിനായി ആളുകളുടെ ഒത്തുകൂടൽ ആണ്, പലപ്പോഴും ചർച്ചയ്ക്കോ തീരുമാനമെടുക്കാനോ ആയി. ഉത്തരം: ""യോഗം""."
ml,history,"ചരിത്രം, പാഠം, കഥ, ഐതിഹ്യം, പൂർവ്വകഥ","മനുഷ്യ കാര്യങ്ങളിൽ, പ്രത്യേകിച്ച് പാസ്റ്റ് ഇവന്റുകളുടെ പഠനം ""___"" എന്നറിയപ്പെടുന്നു. ഉത്തരം: ""ചരിത്രം""."
ml,valley,"താഴ്‌വര, നദീതടം, കിടങ്ങ്, പുഴയോരം, നെൽപ്പാടം","ഒരു ""___"" കുന്നുകളോ പർവതങ്ങളോ ഇടയിലുള്ള ഒരു താഴ്ന്ന പ്രദേശമാണ്, സാധാരണയായി അതിലൂടെ ഒരു നദി ഒഴുകുന്നു. ഉത്തരം: ""താഴ്വര""."
ml,square,"ചതുരം, വർഗം, സമചതുരം, ചതുരാകൃതി, ഫലകം","ഒരു ""___"" നാല് തുല്യ വശങ്ങളും നാല് ലംബ കോണുകളുമുള്ള ഒരു ആകൃതിയാണ്. ഉത്തരം: ""ചതുരം""."
ml,generation,"തലമുറ, പിന്നാമ്പുറം, കാലഘട്ടം, തരം, ശേഷം","ഒരു ""___"" എന്നത് ഏകദേശം ഒരേ സമയം ജനിച്ച് ജീവിക്കുന്ന എല്ലാ ആളുകളെയും വിവരിക്കാൻ ഉപയോഗിക്കുന്ന ഒരു പദമാണ്. ഉത്തരം: ""തലമുറ""."
ml,south,"തെക്ക്, ദക്ഷിണം","വടക്കിനോട് വിപരീതമായ ഒരു പ്രധാന ദിശയാണ് ""___"". ഉത്തരം: ""തെക്ക്""."
ml,virtue,"ഗുണം, നീതി, ധർമ്മം, സത്യം, നൈതികത","ഒരു ""___"" എന്നത് ഒരു വ്യക്തിയിൽ നൈതികമായി നല്ലതോ ആകർഷകമോ ആയി കണക്കാക്കപ്പെടുന്ന ഒരു ഗുണമാണ്. ഉത്തരം: ""നീതി""."
ml,tribe,"ഗോത്രം, വർഗം, ജനവിഭാഗം, ജാതി, സമുദായം","ഒരു  ""___"" എന്നത് സാമൂഹിക, സാമ്പത്തിക, മത, രക്തബന്ധങ്ങൾ എന്നിവകൊണ്ടുള്ള ഒരു പരമ്പരാഗത സാമൂഹിക വിഭജനമാണ്. ഉത്തരം: ""ഗോത്രം""."
ml,city,"നഗരം, പട്ടണം, പുരം, തലസ്ഥാനം, നഗരി","ഒരു ""___"" എന്നത് ആളുകൾ താമസിക്കുന്നതും ജോലി ചെയ്യുന്നതുമായ ഒരു വലിയ മനുഷ്യ വാസസ്ഥലമാണ്. ഉത്തരം: ""നഗരം""."
ml,language,"ഭാഷ, വചനം, സംസാരം, വാക്ക്, മൊഴി","ഒരു ""ഭാഷ"" ചിന്തകളും ആശയങ്ങളും ആശയവിനിമയം ചെയ്യാൻ ഉപയോഗിക്കുന്നു. ഉത്തരം: ""ഭാഷ""."
ml,speed,"വേഗത, രാശി, ഗതി, വേഗം, പ്രവേഗം","ഒരു ""വേഗത"" എന്നത് എന്തെങ്കിലും എത്ര വേഗത്തിൽ നീങ്ങുന്നുവെന്ന് അളക്കാൻ ഉപയോഗിക്കുന്നു. ഉത്തരം: ""വേഗത""."
ml,ground,"തറ, നിലം, ഭൂമി, പുറം, മൈതാനം","ഒരു ""___"" എവിടെയാണ് നമ്മൾ നടക്കുകയും വീടുകൾ പണിയുന്നതും. ഉത്തരം: ""തറ""."
ml,advance,"മുന്നേറ്റം, പുരോഗതി, പ്രഗതി, അഗ്രഗതി, മുമ്പാക്കം","""___"" എന്നത് മുന്നോട്ട് പോകുന്നതിനോ പുരോഗതി കൈവരിക്കുന്നതിനോ വിവരിക്കാൻ ഉപയോഗിക്കുന്ന ഒരു പദമാണ്. ഉത്തരം: ""മുന്നേറ്റം""."
ml,attempt,"ശ്രമം, പ്രയാസം, പ്രയത്നം, ചെയ്തി, പരിശ്രമം","എന്തെങ്കിലും കൈവരിക്കാൻ ശ്രമിക്കുമ്പോൾ ""ഒരു ശ്രമം"" നടത്തുന്നു. ഉത്തരം: ""ശ്രമം""."
ml,defeat,"പരാജയം, തോൽവി, നാശം, നഷ്ടം, അപക്വത","ഒരു മത്സരം അല്ലെങ്കിൽ യുദ്ധം പരാജയപ്പെടുമ്പോൾ ""___"" അനുഭവപ്പെടുന്നു. ഉത്തരം: ""പരാജയം""."
ml,tail,വാല്,"ഒരു ""___"" ഒരു ജീവിയുടെ ശരീരത്തിന്റെ ഭാഗമാണ്, കശേരുകളുടെ അടിഭാഗത്തുനിന്ന് നീളുന്നു. ഉത്തരം: ""വാല്""."
ml,mother,"അമ്മ, മാതാവ്, മാതൃ, ജനനി, മാതൃക","ഒരു ""___"" എന്നത് ഒരു കുഞ്ഞിന് ജന്മം നൽകിയ ഒരു സ്ത്രീയെയാണ്. ഉത്തരം: ""അമ്മ""."
ml,east,"കിഴക്ക്, പൗരസ്ത്യം, പ്രാച്യം, പൂർവം, അഗ്നേയം","പടിഞ്ഞാറിന്റെ വിപരീതമായ ഒരു പ്രധാന ദിശയാണ് ""___"". ഉത്തരം: ""കിഴക്ക്""."
ml,return,"തിരിച്ചുവരവ്, മടങ്ങൽ, തിരിച്ചെത്തുന്ന, പ്രത്യാഗമനം, പുനരാഗമനം","ഒരു ""തിരിച്ചടയല്"" വില്‌ക്കപ്പെട്ട ഒരു വസ്തു തിരികെ നല്‌ക്കാന് ഉപയോഗിക്കുന്നു. ഉത്തരം: ""തിരിച്ചടയല്""."
ml,speech,"പ്രസംഗം, ഭാഷണം, ഉപന്യാസം, അഭിഭാഷണം, വചനം","ഒരു ""___"" ഒരു പരിപാടിയിൽ ശ്രോതാക്കളെ അഭിസംബോധന ചെയ്യുന്നതിനുള്ള ഒരു ഔപചാരിക സംഭാഷണമോ പ്രസംഗമോ ആണ്. ഉത്തരം: ""പ്രസംഗം""."
ml,child,"കുട്ടി, കൊച്ചു, മകൻ, മകൾ, ബാലൻ","ഒരു ""___"" പ്രായപൂർത്തി പ്രായത്തിന്റെ താഴെയുള്ള ഒരു ചെറിയ മനുഷ്യനാണ്. ഉത്തരം: ""കുട്ടി""."
ml,tower,"ഗോപുരം, മിനാരം, കൊടിമരം, കോട്ട, ബുരുജ്","ഒരു ""___"" നിരീക്ഷണം, ആശയവിനിമയം, സംഭരണം തുടങ്ങിയ വിവിധ ഉദ്ദേശ്യങ്ങൾക്കായി ഉപയോഗിക്കാവുന്ന ഒരു ഉയർന്ന ഘടനയാണ്. ഉത്തരം: ""ടവർ""."
ml,hair,"മുടി, കേശം, ചുരുൽ, തലമുടി","മനുഷ്യരുടെയും മൃഗങ്ങളുടെയും തലയിൽ ""___"" കാണപ്പെടുന്നു. ഉത്തരം: ""മുടി""."
ml,household,"കുടുംബം, ഗൃഹം, വീട്, തറവാട്, ആലയം","ഒരു ""___"" എന്നത് ആളുകൾ താമസിക്കുന്ന വസതി യൂണിറ്റിനെ വിവരിക്കാൻ ഉപയോഗിക്കുന്ന ഒരു പദമാണ്. ഉത്തരം: ""കുടുംബം""."
ml,person,"വ്യക്തി, ആള്, മനുഷ്യന്, പുരുഷന്, ജീവി","ഒരു ""___"" എന്നത് ഒരു വ്യക്തിയായി കണക്കാക്കപ്പെടുന്ന ഒരു മനുഷ്യനാണ്. ഉത്തരം: ""വ്യക്തി""."
ml,section,"വിഭാഗം, ഖണ്ഡിക, ഭാഗം, പഠനം, അധ്യായം","ഒരു ""___"" എന്നത് എന്തെങ്കിലും ഒരു വ്യത്യസ്തമായ ഭാഗമോ ഉപവിഭാഗമോ ആണ്. ഉത്തരം: ""ഭാഗം""."
ml,official,"ഉദ്യോഗപൂർവ്വം, ഔദ്യോഗികം, അധികൃതം","ഒരു ""___"" ഒരു സംഘടനയിലോ ഭരണകൂടത്തിലോ അധികാര സ്ഥാനം വഹിക്കുന്ന വ്യക്തിയാണ്. ഉത്തരം: ""ഉദ്യോഗസ്ഥൻ""."
ml,hundred,"നൂറ്, നൂറു, ശതം, നൂറ്റി, ശതം","ഒരു ""___"" 10 പത്തുകളുടെ തുകയ്ക്ക് തുല്യമായ ഒരു സംഖ്യാ വിലുള്ളതാണ്. ഉത്തരം: ""നൂറ്""."
ml,office,"ഓഫീസ്, കാര്യാലയം, കച്ചേരി, കാര്യാലയം","ഒരു ""___"" എന്നത് ആളുകൾ സാധാരണയായി തങ്ങളുടെ ജോലി ചെയ്യുന്ന ഒരു സ്ഥലമാണ്. ഉത്തരം: ""ഓഫീസ്""."
ml,rock,"കല്ല്, പാറ, ശില, പർവതം, മല","ഒരു ""___"" ഭൂമിയുടെ ഉപരിതലത്തിന്റെ ഭാഗമായി രൂപം കൊള്ളുന്ന ഒരു ഖണ്ഡിത ധാതു വസ്തുവാണ്. ഉത്തരം: ""പാറ""."
ml,rise,"ഉയർച്ച, വർദ്ധിക്കുക, എഴുന്നേൽക്കുക, പൊങ്ങുക, മുകളിലേക്ക്","ഒരു ""___"" വർധനവോ മുകളിലേക്കുള്ള ചലനമോ വിവരിക്കാൻ ഉപയോഗിക്കുന്നു. ഉത്തരം: ""ഉയർച്ച""."
ml,left,ഇടത്,"ഒരു ""___"" ഇടത് വശത്തേക്കുള്ള ദിശയാണ്. ഉത്തരം: ""ഇടത്""."
ml,sound,"ശബ്ദം, ധ്വനി, നാദം, സ്വരം, ചത്തുരം","ഒരു ""___"" എന്നത് ഞങ്ങൾ കേൾക്കുന്ന ഒരു ശബ്ദമാണ്. ഉത്തരം: ""ശബ്ദം""."
ml,power,"ശക്തി, അധികാരം, സാമർഥ്യം, ബലം, കഴിവ്","ഒരു ""___"" ആളുകളെയോ കാര്യങ്ങളെയോ നിയന്ത്രിക്കാനോ സ്വാധീനിക്കാനോ ഉപയോഗിക്കുന്നു. ഉത്തരം: ""ശക്തി""."
ml,summer,"വേനൽ, ഗ്രീഷ്മം, അത്യുഷ്ണം","""___"" ഒരു കാലാവസ്ഥയാണ്, അതിന്റെ ചൂടുള്ള കാലാവസ്ഥയ്ക്ക് പേരുകേട്ടത്. ഉത്തരം: ""വേനൽക്കാലം""."
